payment_id,ride_id,method,amount,timestamp
1,1,Cash,3.8,2024-06-14 09:54:00
2,2,Bolt Balance,12.69,2024-06-16 10:14:00
3,3,Cash,10.26,2024-06-02 11:53:00
4,4,Cash,13.77,2024-06-04 14:13:00
5,5,Cash,5.57,2024-06-28 13:45:00
6,6,Cash,6.41,2024-06-21 19:12:00
7,7,Cash,9.56,2024-06-06 06:08:00
8,8,Card,7.43,2024-06-06 13:07:00
9,9,Card,9.65,2024-06-25 00:18:00
10,10,Bolt Balance,11.97,2024-06-02 03:44:00
11,11,Card,11.45,2024-06-15 00:18:00
12,12,Card,14.2,2024-06-27 11:20:00
13,13,Card,14.63,2024-06-14 04:17:00
14,14,Cash,10.42,2024-06-16 19:08:00
15,15,Cash,12.16,2024-06-28 03:42:00
16,16,Bolt Balance,6.34,2024-06-23 10:14:00
17,17,Bolt Balance,12.9,2024-06-16 13:56:00
18,18,Bolt Balance,9.04,2024-06-14 08:29:00
19,19,Cash,22.68,2024-06-29 07:21:00
20,20,Card,4.98,2024-06-04 16:14:00
21,21,Card,10.99,2024-06-06 13:42:00
22,22,Cash,8.32,2024-06-14 09:40:00
23,23,Bolt Balance,6.9,2024-06-07 15:14:00
24,24,Bolt Balance,6.69,2024-06-07 09:33:00
25,25,Bolt Balance,8.52,2024-06-19 14:22:00
26,26,Cash,13.18,2024-06-22 18:09:00
27,27,Bolt Balance,12.16,2024-06-08 12:26:00
28,28,Bolt Balance,11.79,2024-06-23 09:54:00
29,29,Cash,4.45,2024-06-05 11:00:00
30,30,Card,12.33,2024-06-10 23:50:00
32,32,Cash,11.59,2024-06-10 01:06:00
34,34,Cash,10.76,2024-06-27 22:13:00
35,35,Cash,12.12,2024-06-03 08:34:00
36,36,Cash,11.73,2024-06-14 09:01:00
37,37,Card,6.26,2024-06-07 14:57:00
38,38,Bolt Balance,12.24,2024-06-24 21:28:00
39,39,Cash,5.28,2024-06-05 17:50:00
40,40,Card,3.53,2024-06-04 16:29:00
42,42,Bolt Balance,8.44,2024-06-18 07:49:00
43,43,Bolt Balance,7.89,2024-06-19 16:13:00
44,44,Bolt Balance,7.83,2024-06-15 13:01:00
45,45,Cash,7.52,2024-06-21 02:03:00
46,46,Cash,10.58,2024-06-09 14:25:00
47,47,Bolt Balance,17.15,2024-06-12 10:30:00
48,48,Bolt Balance,5.07,2024-06-22 07:30:00
49,49,Bolt Balance,4.17,2024-06-25 21:14:00
50,50,Bolt Balance,8.51,2024-06-14 03:42:00
51,51,Bolt Balance,4.04,2024-06-05 06:44:00
52,52,Bolt Balance,11.0,2024-06-10 15:32:00
53,53,Card,6.76,2024-06-27 02:55:00
54,54,Bolt Balance,10.13,2024-06-01 21:53:00
55,55,Cash,11.71,2024-06-21 19:56:00
56,56,Cash,9.86,2024-06-20 20:24:00
57,57,Cash,9.52,2024-06-17 12:50:00
58,58,Bolt Balance,11.26,2024-06-07 06:11:00
59,59,Cash,7.17,2024-06-19 12:38:00
60,60,Card,5.78,2024-06-12 15:10:00
61,61,Bolt Balance,12.16,2024-06-07 00:20:00
62,62,Cash,10.43,2024-06-15 08:27:00
63,63,Card,10.25,2024-06-17 17:43:00
64,64,Card,4.52,2024-06-02 22:09:00
65,65,Cash,3.7,2024-06-02 06:18:00
66,66,Card,4.72,2024-06-02 01:37:00
67,67,Cash,13.47,2024-06-10 07:09:00
70,70,Card,12.77,2024-06-09 12:39:00
71,71,Bolt Balance,4.44,2024-06-09 07:08:00
72,72,Bolt Balance,8.65,2024-06-29 17:47:00
74,74,Bolt Balance,9.49,2024-06-18 17:49:00
75,75,Bolt Balance,4.75,2024-06-25 15:24:00
76,76,Bolt Balance,6.29,2024-06-09 19:34:00
77,77,Cash,14.26,2024-06-20 00:22:00
78,78,Bolt Balance,3.2,2024-06-01 09:39:00
79,79,Bolt Balance,3.29,2024-06-22 06:29:00
80,80,Bolt Balance,23.52,2024-06-10 00:44:00
81,81,Bolt Balance,5.54,2024-06-09 19:21:00
83,83,Card,8.84,2024-06-11 13:00:00
85,85,Bolt Balance,9.16,2024-06-12 02:32:00
86,86,Bolt Balance,18.87,2024-06-13 01:33:00
87,87,Cash,8.28,2024-06-01 12:59:00
88,88,Card,16.03,2024-06-14 03:04:00
89,89,Cash,11.63,2024-06-27 00:21:00
90,90,Bolt Balance,5.45,2024-06-23 10:17:00
91,91,Cash,5.68,2024-06-11 20:13:00
92,92,Cash,12.63,2024-06-30 02:03:00
93,93,Bolt Balance,12.39,2024-06-07 15:12:00
94,94,Card,14.0,2024-06-05 07:34:00
95,95,Card,4.74,2024-06-02 12:16:00
96,96,Cash,5.08,2024-06-19 06:58:00
97,97,Bolt Balance,11.82,2024-06-07 07:12:00
98,98,Cash,3.21,2024-06-30 13:29:00
99,99,Cash,4.03,2024-06-08 02:13:00
100,100,Cash,11.22,2024-06-05 21:17:00
101,101,Bolt Balance,11.43,2024-06-16 02:52:00
103,103,Bolt Balance,10.14,2024-06-11 08:05:00
104,104,Card,25.48,2024-06-02 15:31:00
105,105,Bolt Balance,3.42,2024-06-15 23:03:00
107,107,Cash,12.55,2024-06-23 09:55:00
110,110,Cash,7.61,2024-06-04 21:51:00
111,111,Card,10.22,2024-06-30 00:20:00
112,112,Bolt Balance,12.97,2024-06-05 00:49:00
113,113,Cash,5.28,2024-06-13 01:51:00
114,114,Card,4.35,2024-06-03 06:18:00
115,115,Card,8.91,2024-06-07 09:54:00
116,116,Cash,3.91,2024-06-26 16:00:00
117,117,Cash,15.02,2024-06-19 03:58:00
119,119,Bolt Balance,11.11,2024-06-07 03:21:00
120,120,Card,11.85,2024-06-05 10:45:00
121,121,Cash,6.2,2024-06-11 19:28:00
122,122,Card,11.98,2024-06-05 05:37:00
123,123,Bolt Balance,14.98,2024-06-18 13:43:00
124,124,Cash,8.62,2024-06-24 02:10:00
125,125,Bolt Balance,9.0,2024-06-15 19:34:00
126,126,Card,9.23,2024-06-02 02:49:00
127,127,Bolt Balance,7.45,2024-06-20 17:59:00
128,128,Bolt Balance,6.46,2024-06-12 04:28:00
129,129,Card,5.36,2024-06-07 05:45:00
130,130,Bolt Balance,12.39,2024-06-05 21:10:00
131,131,Card,8.15,2024-06-19 01:07:00
132,132,Cash,8.49,2024-06-18 23:46:00
133,133,Card,13.5,2024-06-09 12:16:00
135,135,Card,12.72,2024-06-30 02:37:00
136,136,Cash,6.72,2024-06-23 19:04:00
137,137,Card,6.87,2024-06-19 12:08:00
138,138,Cash,5.52,2024-06-23 13:08:00
139,139,Cash,9.12,2024-06-08 12:45:00
140,140,Card,12.5,2024-06-27 21:10:00
141,141,Bolt Balance,11.77,2024-06-05 06:12:00
142,142,Bolt Balance,5.22,2024-06-02 05:12:00
143,143,Cash,4.44,2024-06-18 23:56:00
144,144,Bolt Balance,10.72,2024-06-21 18:29:00
145,145,Bolt Balance,11.7,2024-06-17 14:10:00
146,146,Card,4.57,2024-06-29 01:25:00
147,147,Cash,4.79,2024-06-13 00:54:00
148,148,Cash,12.64,2024-06-10 11:58:00
149,149,Card,9.69,2024-06-16 15:07:00
150,150,Bolt Balance,11.95,2024-06-30 18:12:00
152,152,Cash,14.08,2024-06-06 11:17:00
154,154,Bolt Balance,11.21,2024-06-18 16:35:00
155,155,Cash,6.79,2024-06-03 14:11:00
156,156,Cash,5.53,2024-06-27 15:57:00
157,157,Cash,11.4,2024-06-08 19:37:00
158,158,Cash,17.25,2024-06-05 12:43:00
159,159,Bolt Balance,8.36,2024-06-16 01:14:00
160,160,Bolt Balance,12.63,2024-06-19 17:36:00
161,161,Bolt Balance,14.31,2024-06-30 03:54:00
162,162,Bolt Balance,6.64,2024-06-10 02:13:00
163,163,Card,11.07,2024-06-26 06:51:00
164,164,Cash,5.87,2024-06-30 14:47:00
165,165,Cash,5.01,2024-06-21 15:51:00
166,166,Cash,11.91,2024-06-18 02:35:00
167,167,Card,15.03,2024-06-10 12:44:00
168,168,Bolt Balance,9.18,2024-06-26 23:23:00
169,169,Cash,10.85,2024-06-26 00:24:00
170,170,Bolt Balance,4.97,2024-06-26 01:10:00
171,171,Bolt Balance,11.72,2024-06-19 04:39:00
172,172,Card,5.45,2024-06-02 23:51:00
173,173,Card,12.88,2024-06-28 09:29:00
174,174,Bolt Balance,10.3,2024-06-23 08:00:00
175,175,Cash,9.76,2024-06-27 17:37:00
176,176,Cash,7.13,2024-06-06 10:50:00
177,177,Card,9.76,2024-06-05 15:50:00
178,178,Card,9.86,2024-06-24 23:57:00
180,180,Card,8.14,2024-06-01 11:49:00
181,181,Card,9.14,2024-06-25 15:07:00
182,182,Card,12.29,2024-06-28 16:58:00
183,183,Card,11.45,2024-06-29 16:48:00
184,184,Card,9.16,2024-06-04 10:12:00
185,185,Cash,6.55,2024-06-05 01:16:00
186,186,Card,18.65,2024-06-27 10:54:00
187,187,Card,8.75,2024-06-08 05:28:00
188,188,Cash,10.4,2024-06-18 12:18:00
189,189,Cash,6.19,2024-06-20 19:06:00
190,190,Bolt Balance,13.19,2024-06-15 08:08:00
191,191,Card,7.53,2024-06-07 06:42:00
192,192,Card,8.13,2024-06-11 06:12:00
193,193,Card,8.16,2024-06-25 20:10:00
194,194,Card,6.26,2024-06-09 06:23:00
195,195,Bolt Balance,11.12,2024-06-13 17:15:00
196,196,Cash,5.27,2024-06-30 19:27:00
197,197,Cash,5.54,2024-06-18 09:39:00
198,198,Card,9.98,2024-06-07 07:25:00
199,199,Card,9.23,2024-06-17 05:13:00
200,200,Card,11.89,2024-06-11 17:43:00
201,201,Bolt Balance,13.58,2024-06-19 13:41:00
202,202,Bolt Balance,3.39,2024-06-17 21:07:00
203,203,Cash,9.56,2024-06-18 16:41:00
204,204,Card,6.84,2024-06-01 11:51:00
205,205,Card,11.68,2024-06-08 11:17:00
207,207,Card,11.12,2024-06-18 08:45:00
208,208,Card,11.33,2024-06-18 15:16:00
209,209,Bolt Balance,8.28,2024-06-06 15:07:00
210,210,Cash,3.61,2024-06-19 13:36:00
211,211,Cash,3.55,2024-06-17 17:02:00
212,212,Bolt Balance,12.95,2024-06-07 21:22:00
213,213,Card,11.34,2024-06-30 00:06:00
214,214,Cash,14.41,2024-06-28 07:11:00
215,215,Cash,3.3,2024-06-22 16:36:00
216,216,Bolt Balance,7.23,2024-06-09 17:23:00
217,217,Card,9.1,2024-06-16 06:37:00
218,218,Cash,3.63,2024-06-21 18:56:00
221,221,Card,12.2,2024-06-08 11:12:00
222,222,Cash,8.67,2024-06-23 23:53:00
223,223,Bolt Balance,12.38,2024-06-15 09:43:00
224,224,Card,5.29,2024-06-18 07:12:00
225,225,Bolt Balance,8.18,2024-06-19 19:21:00
226,226,Cash,11.32,2024-06-05 03:34:00
227,227,Bolt Balance,20.64,2024-06-16 18:24:00
228,228,Bolt Balance,15.71,2024-06-02 18:14:00
229,229,Bolt Balance,8.48,2024-06-02 12:16:00
230,230,Cash,10.36,2024-06-19 15:30:00
232,232,Card,15.42,2024-06-07 16:04:00
233,233,Bolt Balance,10.02,2024-06-27 16:14:00
234,234,Card,8.96,2024-06-11 16:40:00
235,235,Cash,14.74,2024-06-26 12:35:00
236,236,Card,5.6,2024-06-03 09:20:00
237,237,Bolt Balance,11.28,2024-06-10 08:23:00
238,238,Bolt Balance,6.84,2024-06-08 11:02:00
239,239,Bolt Balance,9.5,2024-06-12 06:42:00
240,240,Bolt Balance,11.43,2024-06-24 23:52:00
241,241,Bolt Balance,6.48,2024-06-22 00:42:00
242,242,Bolt Balance,14.77,2024-06-25 16:26:00
243,243,Cash,6.9,2024-06-04 12:32:00
244,244,Cash,12.14,2024-06-18 13:28:00
245,245,Cash,12.42,2024-06-21 09:00:00
246,246,Card,12.24,2024-06-26 18:06:00
247,247,Card,3.56,2024-06-27 01:15:00
248,248,Cash,10.64,2024-06-23 15:31:00
250,250,Card,10.77,2024-06-12 21:10:00
251,251,Card,13.03,2024-06-01 19:59:00
252,252,Bolt Balance,12.82,2024-06-04 19:13:00
254,254,Bolt Balance,10.26,2024-06-05 09:58:00
255,255,Card,7.16,2024-06-07 21:17:00
256,256,Card,8.13,2024-06-02 03:23:00
257,257,Cash,5.32,2024-06-11 00:09:00
258,258,Card,3.81,2024-06-20 06:29:00
259,259,Bolt Balance,10.91,2024-06-02 05:42:00
260,260,Card,10.59,2024-06-07 11:33:00
263,263,Cash,5.08,2024-06-30 04:10:00
264,264,Bolt Balance,12.65,2024-06-23 16:27:00
265,265,Bolt Balance,5.91,2024-06-16 04:00:00
266,266,Bolt Balance,8.3,2024-06-02 14:49:00
267,267,Bolt Balance,10.13,2024-06-27 04:38:00
268,268,Card,7.51,2024-06-14 15:23:00
269,269,Cash,9.23,2024-06-02 15:01:00
271,271,Card,11.84,2024-06-01 21:55:00
272,272,Card,10.04,2024-06-07 18:39:00
273,273,Bolt Balance,17.41,2024-06-23 22:26:00
274,274,Cash,11.25,2024-06-21 21:36:00
275,275,Bolt Balance,5.88,2024-06-09 21:17:00
276,276,Card,4.59,2024-06-18 18:35:00
277,277,Card,9.28,2024-06-28 16:51:00
278,278,Bolt Balance,9.42,2024-06-29 07:09:00
279,279,Card,9.88,2024-06-07 08:39:00
280,280,Card,3.96,2024-06-26 10:25:00
281,281,Bolt Balance,10.68,2024-06-26 23:55:00
282,282,Card,5.67,2024-06-24 01:19:00
283,283,Cash,7.02,2024-06-02 17:25:00
284,284,Bolt Balance,7.9,2024-06-27 16:47:00
286,286,Cash,6.75,2024-06-17 20:56:00
287,287,Card,4.38,2024-06-04 03:35:00
288,288,Card,6.15,2024-06-09 02:55:00
289,289,Bolt Balance,5.74,2024-06-23 18:56:00
290,290,Card,12.61,2024-06-04 18:33:00
291,291,Bolt Balance,11.59,2024-06-01 13:48:00
293,293,Bolt Balance,11.82,2024-06-07 09:26:00
294,294,Bolt Balance,8.95,2024-06-19 18:13:00
295,295,Bolt Balance,12.49,2024-06-12 16:33:00
296,296,Bolt Balance,4.49,2024-06-13 16:01:00
297,297,Cash,10.9,2024-06-01 03:41:00
298,298,Bolt Balance,5.69,2024-06-28 22:23:00
299,299,Cash,12.72,2024-06-14 19:21:00
300,300,Card,5.95,2024-06-04 19:02:00
301,301,Bolt Balance,11.47,2024-06-13 05:10:00
302,302,Card,12.33,2024-06-04 20:20:00
303,303,Bolt Balance,6.58,2024-06-24 08:48:00
304,304,Cash,11.43,2024-06-24 19:48:00
305,305,Cash,14.21,2024-06-06 17:06:00
306,306,Cash,20.48,2024-06-16 14:41:00
307,307,Card,5.73,2024-06-10 12:08:00
308,308,Bolt Balance,6.96,2024-06-03 19:21:00
309,309,Card,10.56,2024-06-08 10:15:00
310,310,Cash,9.85,2024-06-05 02:42:00
311,311,Card,14.58,2024-06-09 17:12:00
312,312,Cash,3.85,2024-06-09 04:50:00
313,313,Cash,6.09,2024-06-20 22:05:00
314,314,Cash,5.31,2024-06-27 00:50:00
315,315,Bolt Balance,11.55,2024-06-08 08:14:00
316,316,Bolt Balance,16.54,2024-06-26 01:15:00
317,317,Cash,6.32,2024-06-03 04:41:00
318,318,Card,6.87,2024-06-15 04:12:00
319,319,Card,6.59,2024-06-19 04:12:00
320,320,Bolt Balance,6.54,2024-06-02 10:10:00
321,321,Cash,12.61,2024-06-07 02:16:00
324,324,Card,7.98,2024-06-13 23:52:00
327,327,Cash,7.88,2024-06-20 06:37:00
328,328,Card,10.15,2024-06-07 16:05:00
329,329,Bolt Balance,11.34,2024-06-19 04:20:00
330,330,Cash,7.02,2024-06-12 03:15:00
331,331,Cash,9.31,2024-06-15 01:21:00
333,333,Card,10.28,2024-06-01 19:38:00
334,334,Card,4.52,2024-06-19 03:18:00
335,335,Card,15.47,2024-06-23 10:47:00
336,336,Cash,6.88,2024-06-06 00:25:00
339,339,Bolt Balance,3.87,2024-06-25 02:07:00
341,341,Bolt Balance,16.01,2024-06-18 01:46:00
342,342,Card,10.07,2024-06-16 12:18:00
343,343,Bolt Balance,6.57,2024-06-15 06:50:00
344,344,Card,4.01,2024-06-09 01:44:00
345,345,Bolt Balance,18.58,2024-06-15 08:24:00
346,346,Cash,4.22,2024-06-21 07:04:00
347,347,Card,3.84,2024-06-07 00:00:00
348,348,Bolt Balance,3.26,2024-06-08 02:45:00
349,349,Cash,11.45,2024-06-05 01:15:00
350,350,Bolt Balance,5.48,2024-06-08 05:05:00
351,351,Cash,13.38,2024-06-26 08:22:00
352,352,Cash,8.05,2024-06-24 20:27:00
353,353,Bolt Balance,10.73,2024-06-17 00:45:00
354,354,Bolt Balance,15.3,2024-06-11 17:07:00
355,355,Cash,14.63,2024-06-13 23:48:00
356,356,Cash,13.53,2024-06-11 21:11:00
357,357,Cash,3.66,2024-06-17 08:58:00
358,358,Card,9.81,2024-06-10 19:32:00
359,359,Cash,4.47,2024-06-27 01:01:00
360,360,Card,12.44,2024-06-12 06:28:00
361,361,Cash,8.04,2024-06-23 13:08:00
362,362,Card,8.54,2024-06-05 09:45:00
363,363,Cash,14.74,2024-06-24 03:11:00
364,364,Cash,12.99,2024-06-05 01:38:00
365,365,Cash,7.86,2024-06-18 19:24:00
366,366,Bolt Balance,10.92,2024-06-15 05:13:00
367,367,Bolt Balance,11.74,2024-06-15 11:30:00
368,368,Cash,6.09,2024-06-30 07:25:00
369,369,Card,10.19,2024-06-14 15:16:00
370,370,Card,8.25,2024-06-03 23:11:00
371,371,Cash,6.5,2024-06-15 00:14:00
372,372,Bolt Balance,7.16,2024-06-17 23:59:00
373,373,Card,3.61,2024-06-22 15:28:00
374,374,Bolt Balance,16.62,2024-06-09 07:31:00
375,375,Card,11.11,2024-06-05 01:49:00
376,376,Cash,6.61,2024-06-03 19:16:00
377,377,Bolt Balance,14.41,2024-06-15 13:32:00
378,378,Card,5.44,2024-06-18 05:23:00
379,379,Cash,12.9,2024-06-29 19:45:00
380,380,Cash,5.41,2024-06-12 13:17:00
381,381,Cash,11.82,2024-06-22 17:15:00
383,383,Bolt Balance,4.55,2024-06-17 16:40:00
386,386,Bolt Balance,7.44,2024-06-22 20:43:00
388,388,Cash,11.15,2024-06-30 13:01:00
389,389,Bolt Balance,8.32,2024-06-22 05:17:00
390,390,Card,5.3,2024-06-28 00:49:00
392,392,Cash,9.45,2024-06-14 15:22:00
393,393,Cash,4.8,2024-06-15 23:23:00
395,395,Bolt Balance,11.12,2024-06-18 01:20:00
396,396,Cash,5.61,2024-06-20 01:34:00
398,398,Card,9.5,2024-06-29 21:13:00
399,399,Bolt Balance,7.55,2024-06-29 04:39:00
400,400,Bolt Balance,8.06,2024-06-08 02:52:00
401,401,Cash,5.21,2024-06-21 22:35:00
403,403,Cash,7.39,2024-06-03 00:46:00
404,404,Cash,18.71,2024-06-17 14:33:00
405,405,Bolt Balance,8.08,2024-06-07 07:29:00
406,406,Cash,11.58,2024-06-20 08:06:00
407,407,Card,10.82,2024-06-25 11:21:00
408,408,Cash,9.62,2024-06-14 21:39:00
409,409,Cash,5.34,2024-06-12 19:19:00
410,410,Bolt Balance,5.17,2024-06-24 17:22:00
411,411,Cash,12.68,2024-06-16 12:06:00
412,412,Bolt Balance,13.76,2024-06-16 13:59:00
414,414,Cash,4.66,2024-06-18 07:10:00
416,416,Card,9.09,2024-06-19 20:29:00
417,417,Card,8.23,2024-06-23 03:38:00
419,419,Bolt Balance,3.5,2024-06-24 02:57:00
420,420,Bolt Balance,4.74,2024-06-01 23:39:00
421,421,Cash,8.58,2024-06-19 14:31:00
422,422,Cash,6.97,2024-06-24 13:27:00
423,423,Card,6.6,2024-06-04 08:28:00
424,424,Cash,3.7,2024-06-29 10:04:00
425,425,Card,12.53,2024-06-02 07:34:00
426,426,Bolt Balance,9.06,2024-06-12 17:23:00
427,427,Cash,23.07,2024-06-29 17:01:00
428,428,Bolt Balance,6.02,2024-06-01 02:08:00
429,429,Cash,10.38,2024-06-14 14:01:00
430,430,Card,8.93,2024-06-21 21:07:00
431,431,Bolt Balance,14.94,2024-06-14 05:13:00
432,432,Bolt Balance,8.76,2024-06-07 18:48:00
433,433,Cash,12.17,2024-06-11 13:00:00
434,434,Bolt Balance,12.8,2024-06-12 17:50:00
435,435,Card,4.71,2024-06-16 10:08:00
436,436,Bolt Balance,19.27,2024-06-27 16:29:00
437,437,Bolt Balance,12.52,2024-06-21 09:51:00
438,438,Cash,9.56,2024-06-21 08:26:00
439,439,Bolt Balance,11.79,2024-06-24 23:41:00
440,440,Cash,4.91,2024-06-14 00:02:00
441,441,Cash,11.85,2024-06-27 02:20:00
442,442,Bolt Balance,3.35,2024-06-29 15:28:00
443,443,Card,10.67,2024-06-02 08:14:00
444,444,Cash,4.2,2024-06-06 20:09:00
445,445,Bolt Balance,11.21,2024-06-21 04:17:00
446,446,Cash,6.69,2024-06-03 21:43:00
447,447,Card,12.13,2024-06-01 19:30:00
448,448,Card,3.82,2024-06-04 12:37:00
449,449,Cash,8.0,2024-06-15 11:10:00
450,450,Card,10.91,2024-06-04 16:20:00
451,451,Bolt Balance,10.75,2024-06-22 04:46:00
452,452,Bolt Balance,17.52,2024-06-12 14:51:00
453,453,Cash,14.18,2024-06-25 17:52:00
454,454,Card,5.74,2024-06-04 22:47:00
455,455,Bolt Balance,8.13,2024-06-17 04:45:00
456,456,Bolt Balance,10.69,2024-06-03 06:43:00
457,457,Bolt Balance,4.78,2024-06-23 02:06:00
458,458,Cash,13.42,2024-06-22 15:41:00
459,459,Cash,5.65,2024-06-23 21:39:00
461,461,Bolt Balance,12.23,2024-06-28 01:02:00
462,462,Bolt Balance,11.32,2024-06-13 03:08:00
463,463,Card,6.58,2024-06-23 19:55:00
464,464,Card,8.68,2024-06-20 09:27:00
465,465,Card,3.87,2024-06-04 20:59:00
466,466,Cash,4.02,2024-06-04 08:15:00
467,467,Bolt Balance,9.42,2024-06-15 16:07:00
468,468,Cash,3.77,2024-06-19 15:52:00
469,469,Bolt Balance,7.27,2024-06-27 16:09:00
470,470,Card,5.2,2024-06-27 07:10:00
471,471,Card,14.95,2024-06-03 22:40:00
472,472,Card,9.98,2024-06-26 19:46:00
473,473,Card,15.03,2024-06-04 14:19:00
474,474,Bolt Balance,11.88,2024-06-23 07:49:00
475,475,Card,12.04,2024-06-26 11:33:00
476,476,Bolt Balance,4.45,2024-06-19 19:43:00
477,477,Bolt Balance,11.85,2024-06-27 07:10:00
478,478,Cash,5.95,2024-06-17 03:20:00
479,479,Card,12.68,2024-06-20 00:58:00
481,481,Card,3.87,2024-06-06 20:41:00
482,482,Cash,10.14,2024-06-20 07:24:00
483,483,Bolt Balance,13.3,2024-06-11 05:18:00
484,484,Card,10.7,2024-06-16 00:52:00
485,485,Bolt Balance,5.49,2024-06-09 01:53:00
486,486,Cash,6.6,2024-06-25 23:04:00
487,487,Bolt Balance,8.93,2024-06-13 01:41:00
488,488,Card,8.72,2024-06-14 10:01:00
489,489,Bolt Balance,11.05,2024-06-28 21:38:00
490,490,Bolt Balance,10.43,2024-06-14 04:39:00
491,491,Card,11.32,2024-06-08 11:55:00
492,492,Card,10.0,2024-06-26 17:24:00
493,493,Bolt Balance,15.44,2024-06-24 14:46:00
494,494,Bolt Balance,7.44,2024-06-01 04:00:00
495,495,Cash,13.53,2024-06-18 12:22:00
497,497,Card,11.48,2024-06-21 02:03:00
498,498,Bolt Balance,18.07,2024-06-22 08:50:00
499,499,Card,5.57,2024-06-26 20:59:00
500,500,Cash,10.88,2024-06-08 10:43:00
501,501,Bolt Balance,12.83,2024-06-23 21:28:00
502,502,Bolt Balance,4.87,2024-06-26 10:54:00
503,503,Bolt Balance,15.49,2024-06-08 11:44:00
505,505,Card,25.92,2024-06-03 06:31:00
506,506,Cash,12.21,2024-06-17 20:18:00
507,507,Card,14.72,2024-06-05 21:38:00
508,508,Bolt Balance,5.9,2024-06-10 06:26:00
509,509,Cash,10.11,2024-06-13 13:46:00
510,510,Bolt Balance,4.07,2024-06-15 17:07:00
511,511,Bolt Balance,22.14,2024-06-15 19:03:00
512,512,Card,4.7,2024-06-04 15:10:00
513,513,Bolt Balance,4.13,2024-06-30 13:42:00
514,514,Cash,14.61,2024-06-17 08:27:00
515,515,Bolt Balance,17.48,2024-06-14 04:10:00
516,516,Bolt Balance,12.97,2024-06-16 17:08:00
517,517,Card,10.8,2024-06-24 15:13:00
518,518,Cash,17.34,2024-06-10 04:53:00
519,519,Card,5.26,2024-06-16 14:20:00
521,521,Bolt Balance,11.03,2024-06-26 18:46:00
522,522,Card,8.01,2024-06-26 15:34:00
523,523,Card,4.64,2024-06-08 21:17:00
524,524,Card,13.08,2024-06-17 15:01:00
525,525,Card,6.25,2024-06-14 15:13:00
526,526,Bolt Balance,12.85,2024-06-14 14:19:00
529,529,Bolt Balance,5.11,2024-06-22 19:29:00
530,530,Cash,5.22,2024-06-13 05:49:00
531,531,Card,12.35,2024-06-23 21:43:00
533,533,Card,6.73,2024-06-02 04:57:00
535,535,Cash,11.02,2024-06-18 22:41:00
536,536,Card,9.79,2024-06-09 10:36:00
537,537,Cash,12.68,2024-06-15 12:08:00
538,538,Bolt Balance,5.48,2024-06-14 03:48:00
539,539,Cash,12.22,2024-06-03 04:21:00
540,540,Card,7.78,2024-06-01 19:11:00
542,542,Cash,3.5,2024-06-25 18:03:00
543,543,Bolt Balance,12.12,2024-06-05 17:10:00
544,544,Card,24.6,2024-06-02 07:44:00
545,545,Bolt Balance,6.49,2024-06-03 15:24:00
546,546,Bolt Balance,10.39,2024-06-13 13:30:00
547,547,Cash,6.63,2024-06-16 20:37:00
548,548,Bolt Balance,5.08,2024-06-10 05:15:00
549,549,Card,6.07,2024-06-10 12:17:00
550,550,Bolt Balance,10.86,2024-06-30 01:42:00
551,551,Bolt Balance,9.07,2024-06-07 19:44:00
552,552,Cash,3.96,2024-06-09 07:16:00
553,553,Bolt Balance,4.59,2024-06-05 08:25:00
554,554,Cash,12.37,2024-06-23 15:08:00
555,555,Cash,5.87,2024-06-12 12:23:00
556,556,Card,9.38,2024-06-01 21:41:00
558,558,Card,11.68,2024-06-13 05:06:00
559,559,Card,12.11,2024-06-28 14:59:00
560,560,Card,14.89,2024-06-19 04:51:00
562,562,Cash,4.81,2024-06-19 00:10:00
564,564,Bolt Balance,7.11,2024-06-30 20:30:00
565,565,Card,6.74,2024-06-24 23:43:00
566,566,Card,13.05,2024-06-22 01:18:00
567,567,Card,14.1,2024-06-28 02:35:00
568,568,Bolt Balance,11.5,2024-06-03 18:35:00
569,569,Card,9.98,2024-06-02 02:56:00
570,570,Bolt Balance,10.08,2024-06-15 02:54:00
571,571,Cash,10.13,2024-06-13 19:12:00
572,572,Cash,7.77,2024-06-07 04:10:00
573,573,Cash,16.69,2024-06-30 07:54:00
574,574,Bolt Balance,9.86,2024-06-07 10:45:00
575,575,Card,6.26,2024-06-17 22:15:00
576,576,Card,11.48,2024-06-28 13:54:00
577,577,Card,9.68,2024-06-17 17:33:00
578,578,Card,3.66,2024-06-29 09:55:00
579,579,Card,6.68,2024-06-27 09:11:00
580,580,Bolt Balance,7.07,2024-06-28 15:30:00
581,581,Cash,7.27,2024-06-26 22:02:00
582,582,Card,5.77,2024-06-03 17:01:00
583,583,Cash,11.32,2024-06-25 11:09:00
584,584,Bolt Balance,8.88,2024-06-27 11:41:00
585,585,Bolt Balance,12.44,2024-06-08 08:39:00
586,586,Card,7.45,2024-06-13 19:53:00
587,587,Bolt Balance,13.58,2024-06-05 12:46:00
588,588,Cash,7.91,2024-06-24 07:59:00
590,590,Card,7.71,2024-06-02 11:50:00
591,591,Card,11.89,2024-06-10 01:04:00
592,592,Cash,4.87,2024-06-25 20:17:00
593,593,Card,3.71,2024-06-05 17:47:00
594,594,Card,17.0,2024-06-27 15:21:00
595,595,Cash,5.29,2024-06-18 18:51:00
596,596,Card,10.86,2024-06-28 11:37:00
597,597,Card,8.75,2024-06-23 13:00:00
598,598,Cash,12.06,2024-06-04 06:18:00
599,599,Bolt Balance,11.1,2024-06-12 12:11:00
600,600,Cash,7.61,2024-06-27 03:03:00
601,601,Card,10.57,2024-06-16 22:25:00
602,602,Cash,7.06,2024-06-15 08:53:00
603,603,Card,12.12,2024-06-16 18:43:00
604,604,Card,4.43,2024-06-03 18:35:00
606,606,Cash,6.26,2024-06-01 12:27:00
607,607,Card,13.55,2024-06-16 19:45:00
608,608,Bolt Balance,10.43,2024-06-18 17:18:00
609,609,Card,7.55,2024-06-22 18:34:00
610,610,Cash,11.69,2024-06-08 10:25:00
611,611,Bolt Balance,13.1,2024-06-25 09:59:00
612,612,Bolt Balance,4.47,2024-06-23 02:36:00
613,613,Card,23.84,2024-06-25 14:43:00
614,614,Cash,9.1,2024-06-17 03:24:00
615,615,Card,4.52,2024-06-06 05:47:00
616,616,Card,3.26,2024-06-17 22:28:00
617,617,Cash,6.59,2024-06-04 09:59:00
618,618,Cash,5.38,2024-06-21 05:50:00
620,620,Card,3.33,2024-06-15 15:37:00
621,621,Bolt Balance,11.75,2024-06-15 15:02:00
622,622,Card,5.55,2024-06-04 14:43:00
623,623,Bolt Balance,3.88,2024-06-12 14:08:00
625,625,Card,9.14,2024-06-08 17:27:00
626,626,Cash,6.82,2024-06-11 03:56:00
627,627,Bolt Balance,4.45,2024-06-08 14:24:00
628,628,Cash,8.65,2024-06-05 23:35:00
629,629,Cash,14.64,2024-06-18 13:54:00
630,630,Cash,4.36,2024-06-16 13:32:00
631,631,Cash,6.15,2024-06-27 10:15:00
633,633,Cash,6.29,2024-06-30 07:55:00
634,634,Card,4.06,2024-06-03 19:55:00
635,635,Bolt Balance,6.2,2024-06-15 04:07:00
636,636,Card,5.4,2024-06-25 05:36:00
637,637,Card,15.88,2024-06-13 12:52:00
638,638,Card,5.03,2024-06-05 18:35:00
639,639,Cash,11.53,2024-06-30 20:21:00
640,640,Card,6.12,2024-06-17 02:24:00
641,641,Bolt Balance,12.76,2024-06-14 08:26:00
642,642,Card,8.32,2024-06-12 01:24:00
643,643,Cash,18.0,2024-06-18 00:41:00
644,644,Bolt Balance,9.48,2024-06-01 06:26:00
645,645,Bolt Balance,10.07,2024-06-22 05:49:00
647,647,Bolt Balance,9.83,2024-06-27 16:20:00
648,648,Bolt Balance,8.88,2024-06-14 21:05:00
649,649,Card,4.82,2024-06-05 21:28:00
650,650,Cash,18.63,2024-06-13 15:11:00
651,651,Bolt Balance,9.24,2024-06-19 22:52:00
652,652,Bolt Balance,4.52,2024-06-26 06:24:00
653,653,Cash,7.13,2024-06-16 07:33:00
654,654,Card,11.13,2024-06-02 02:00:00
655,655,Bolt Balance,4.34,2024-06-22 11:47:00
656,656,Card,12.1,2024-06-27 12:46:00
658,658,Card,5.17,2024-06-12 00:16:00
659,659,Card,6.21,2024-06-22 04:41:00
660,660,Card,5.92,2024-06-25 14:44:00
661,661,Bolt Balance,13.34,2024-06-07 11:38:00
662,662,Bolt Balance,9.25,2024-06-19 04:21:00
663,663,Card,4.5,2024-06-01 20:31:00
664,664,Card,5.06,2024-06-18 06:16:00
665,665,Cash,16.86,2024-06-23 17:33:00
666,666,Cash,12.96,2024-06-28 11:04:00
667,667,Cash,11.69,2024-06-07 19:22:00
668,668,Bolt Balance,16.84,2024-06-30 03:22:00
669,669,Cash,8.52,2024-06-09 03:20:00
670,670,Bolt Balance,10.47,2024-06-04 20:09:00
671,671,Bolt Balance,18.8,2024-06-26 02:30:00
672,672,Bolt Balance,3.27,2024-06-26 17:26:00
673,673,Bolt Balance,6.47,2024-06-05 12:14:00
674,674,Cash,5.47,2024-06-10 23:16:00
675,675,Card,4.87,2024-06-26 14:38:00
677,677,Card,9.49,2024-06-19 23:13:00
678,678,Card,12.57,2024-06-15 22:45:00
679,679,Cash,5.52,2024-06-14 06:06:00
681,681,Card,21.73,2024-06-25 00:51:00
683,683,Cash,10.36,2024-06-30 18:09:00
684,684,Cash,9.98,2024-06-04 16:57:00
685,685,Cash,8.77,2024-06-12 03:04:00
686,686,Card,10.35,2024-06-03 00:55:00
687,687,Card,8.02,2024-06-08 03:54:00
688,688,Card,9.02,2024-06-24 14:06:00
689,689,Bolt Balance,8.79,2024-06-15 21:09:00
690,690,Cash,4.35,2024-06-16 01:32:00
691,691,Bolt Balance,8.23,2024-06-02 19:30:00
692,692,Cash,4.55,2024-06-09 09:18:00
693,693,Card,12.1,2024-06-06 21:38:00
694,694,Cash,4.46,2024-06-03 00:45:00
695,695,Cash,7.19,2024-06-30 08:40:00
696,696,Bolt Balance,8.96,2024-06-04 05:30:00
697,697,Cash,5.71,2024-06-06 03:24:00
698,698,Card,6.2,2024-06-02 00:44:00
699,699,Cash,4.0,2024-06-10 21:00:00
700,700,Cash,10.68,2024-06-15 21:43:00
701,701,Cash,16.54,2024-06-23 10:33:00
702,702,Bolt Balance,10.48,2024-06-22 12:15:00
703,703,Cash,10.26,2024-06-04 12:42:00
705,705,Cash,10.04,2024-06-09 23:56:00
706,706,Bolt Balance,13.92,2024-06-23 15:14:00
708,708,Bolt Balance,12.66,2024-06-26 22:42:00
709,709,Bolt Balance,8.86,2024-06-09 08:09:00
710,710,Bolt Balance,18.34,2024-06-01 15:44:00
711,711,Card,10.7,2024-06-02 02:14:00
712,712,Card,3.81,2024-06-22 16:39:00
713,713,Cash,16.69,2024-06-07 22:07:00
714,714,Card,8.82,2024-06-12 01:19:00
715,715,Cash,4.47,2024-06-14 14:50:00
716,716,Card,4.94,2024-06-30 08:34:00
718,718,Bolt Balance,12.13,2024-06-11 14:49:00
719,719,Bolt Balance,4.47,2024-06-15 01:42:00
720,720,Card,13.49,2024-06-03 05:23:00
721,721,Card,6.22,2024-06-25 07:45:00
722,722,Cash,12.35,2024-06-28 01:30:00
723,723,Cash,5.48,2024-06-22 04:28:00
724,724,Cash,11.83,2024-06-19 04:52:00
725,725,Bolt Balance,8.99,2024-06-15 22:17:00
726,726,Bolt Balance,3.75,2024-06-17 04:33:00
727,727,Bolt Balance,7.74,2024-06-30 06:03:00
728,728,Bolt Balance,7.08,2024-06-13 19:37:00
729,729,Cash,10.84,2024-06-26 20:28:00
731,731,Bolt Balance,9.38,2024-06-30 01:11:00
732,732,Bolt Balance,11.84,2024-06-20 08:16:00
733,733,Bolt Balance,10.47,2024-06-28 23:43:00
734,734,Bolt Balance,6.57,2024-06-19 17:15:00
735,735,Card,12.59,2024-06-17 14:01:00
736,736,Cash,4.26,2024-06-29 05:25:00
737,737,Cash,9.16,2024-06-09 03:25:00
738,738,Bolt Balance,9.78,2024-06-17 02:52:00
739,739,Card,15.45,2024-06-25 05:48:00
740,740,Cash,11.61,2024-06-28 09:38:00
741,741,Cash,7.16,2024-06-27 21:01:00
742,742,Bolt Balance,3.21,2024-06-28 00:22:00
743,743,Bolt Balance,8.65,2024-06-18 03:24:00
744,744,Cash,12.07,2024-06-14 21:24:00
745,745,Cash,3.79,2024-06-10 15:28:00
746,746,Card,14.61,2024-06-01 21:20:00
747,747,Cash,10.66,2024-06-19 03:20:00
748,748,Cash,9.44,2024-06-05 12:39:00
749,749,Bolt Balance,6.5,2024-06-17 00:45:00
750,750,Cash,9.14,2024-06-14 19:34:00
751,751,Bolt Balance,10.8,2024-06-10 06:18:00
752,752,Cash,9.62,2024-06-08 13:41:00
754,754,Cash,6.65,2024-06-13 03:22:00
756,756,Cash,12.87,2024-06-29 09:30:00
758,758,Card,14.67,2024-06-14 22:06:00
759,759,Bolt Balance,6.94,2024-06-22 03:40:00
760,760,Card,11.4,2024-06-05 01:36:00
761,761,Cash,5.09,2024-06-12 14:08:00
762,762,Card,7.25,2024-06-16 17:32:00
763,763,Bolt Balance,4.5,2024-06-01 16:47:00
764,764,Cash,5.23,2024-06-12 15:31:00
765,765,Card,9.33,2024-06-27 13:47:00
766,766,Card,5.55,2024-06-14 11:20:00
767,767,Bolt Balance,7.25,2024-06-25 09:35:00
768,768,Card,3.24,2024-06-23 21:19:00
769,769,Bolt Balance,6.28,2024-06-23 11:36:00
771,771,Cash,9.97,2024-06-13 13:47:00
772,772,Cash,11.17,2024-06-26 17:27:00
773,773,Card,6.52,2024-06-14 22:56:00
774,774,Cash,8.57,2024-06-28 10:21:00
775,775,Cash,9.42,2024-06-10 03:17:00
776,776,Card,7.28,2024-06-26 16:11:00
777,777,Cash,20.41,2024-06-04 20:43:00
778,778,Card,10.01,2024-06-18 21:29:00
779,779,Bolt Balance,5.22,2024-06-19 16:50:00
780,780,Bolt Balance,8.6,2024-06-11 21:05:00
782,782,Bolt Balance,13.74,2024-06-03 03:45:00
783,783,Card,9.8,2024-06-29 03:18:00
784,784,Card,7.41,2024-06-28 09:33:00
785,785,Cash,5.12,2024-06-26 01:57:00
786,786,Cash,14.76,2024-06-15 12:33:00
787,787,Cash,8.37,2024-06-14 23:49:00
788,788,Cash,8.41,2024-06-18 18:13:00
789,789,Cash,18.5,2024-06-22 10:10:00
790,790,Card,9.0,2024-06-15 23:58:00
791,791,Card,8.38,2024-06-28 14:38:00
792,792,Bolt Balance,10.79,2024-06-07 11:39:00
794,794,Bolt Balance,15.46,2024-06-22 23:09:00
795,795,Bolt Balance,3.6,2024-06-27 22:28:00
796,796,Bolt Balance,9.79,2024-06-27 17:04:00
797,797,Card,7.41,2024-06-25 04:12:00
798,798,Card,8.55,2024-06-30 09:12:00
799,799,Card,3.56,2024-06-27 04:53:00
800,800,Cash,11.47,2024-06-10 10:20:00
801,801,Cash,7.91,2024-06-15 13:28:00
803,803,Bolt Balance,10.9,2024-06-14 15:36:00
804,804,Cash,9.51,2024-06-21 10:46:00
806,806,Card,5.65,2024-06-16 06:15:00
807,807,Bolt Balance,12.64,2024-06-20 04:42:00
808,808,Bolt Balance,11.54,2024-06-05 04:52:00
809,809,Cash,14.33,2024-06-03 03:01:00
810,810,Bolt Balance,9.44,2024-06-01 11:40:00
811,811,Cash,10.61,2024-06-26 10:31:00
812,812,Cash,5.68,2024-06-16 13:28:00
813,813,Bolt Balance,17.13,2024-06-24 10:45:00
814,814,Cash,6.16,2024-06-22 01:38:00
815,815,Cash,6.76,2024-06-20 10:38:00
816,816,Cash,12.39,2024-06-02 20:12:00
817,817,Cash,6.25,2024-06-14 14:51:00
819,819,Bolt Balance,12.77,2024-06-29 10:55:00
820,820,Card,10.46,2024-06-30 09:14:00
821,821,Card,9.16,2024-06-07 05:56:00
822,822,Cash,6.14,2024-06-05 17:07:00
823,823,Cash,13.38,2024-06-11 13:42:00
824,824,Cash,3.96,2024-06-18 17:20:00
825,825,Card,9.68,2024-06-26 22:59:00
826,826,Cash,12.18,2024-06-18 20:17:00
827,827,Bolt Balance,11.32,2024-06-04 21:19:00
829,829,Bolt Balance,4.2,2024-06-18 12:22:00
830,830,Bolt Balance,5.71,2024-06-03 08:14:00
831,831,Card,13.71,2024-06-11 19:18:00
832,832,Cash,10.84,2024-06-24 08:59:00
833,833,Cash,3.27,2024-06-10 17:46:00
834,834,Cash,7.98,2024-06-10 15:15:00
835,835,Card,11.32,2024-06-13 00:27:00
836,836,Card,10.89,2024-06-25 22:52:00
840,840,Card,18.8,2024-06-10 21:44:00
841,841,Card,4.01,2024-06-15 10:35:00
844,844,Bolt Balance,10.92,2024-06-22 09:05:00
845,845,Card,12.96,2024-06-19 03:37:00
846,846,Card,9.72,2024-06-17 18:23:00
848,848,Card,10.77,2024-06-07 01:54:00
849,849,Cash,3.51,2024-06-20 09:31:00
850,850,Cash,5.4,2024-06-26 03:05:00
851,851,Cash,15.14,2024-06-03 01:25:00
853,853,Bolt Balance,4.49,2024-06-15 21:13:00
854,854,Bolt Balance,14.94,2024-06-27 14:37:00
855,855,Card,4.89,2024-06-13 23:12:00
856,856,Cash,6.99,2024-06-26 15:50:00
858,858,Bolt Balance,11.37,2024-06-16 23:44:00
859,859,Cash,8.06,2024-06-05 07:09:00
860,860,Bolt Balance,5.24,2024-06-25 13:50:00
861,861,Bolt Balance,12.54,2024-06-13 23:11:00
862,862,Card,4.43,2024-06-07 14:10:00
863,863,Card,5.33,2024-06-19 11:02:00
864,864,Bolt Balance,11.04,2024-06-01 16:33:00
865,865,Card,7.44,2024-06-30 12:30:00
866,866,Bolt Balance,6.27,2024-06-27 21:12:00
867,867,Bolt Balance,12.0,2024-06-10 02:59:00
869,869,Cash,12.17,2024-06-06 04:12:00
870,870,Card,5.76,2024-06-04 22:33:00
871,871,Card,8.28,2024-06-26 12:49:00
872,872,Card,4.98,2024-06-27 08:43:00
873,873,Cash,6.12,2024-06-28 07:18:00
874,874,Cash,9.36,2024-06-14 06:19:00
875,875,Cash,8.71,2024-06-18 03:20:00
876,876,Card,11.69,2024-06-07 16:46:00
877,877,Card,12.99,2024-06-12 03:26:00
878,878,Card,10.01,2024-06-06 10:09:00
879,879,Cash,13.58,2024-06-11 02:39:00
880,880,Cash,5.72,2024-06-24 10:00:00
881,881,Bolt Balance,13.78,2024-06-15 13:42:00
882,882,Cash,11.61,2024-06-13 17:45:00
883,883,Bolt Balance,12.32,2024-06-10 06:16:00
884,884,Card,3.41,2024-06-13 04:39:00
885,885,Cash,8.48,2024-06-18 09:41:00
886,886,Card,5.29,2024-06-07 02:34:00
889,889,Card,8.01,2024-06-24 10:26:00
890,890,Card,9.63,2024-06-11 20:39:00
891,891,Card,7.6,2024-06-27 05:03:00
892,892,Cash,5.6,2024-06-03 14:59:00
893,893,Card,8.6,2024-06-02 23:40:00
894,894,Bolt Balance,9.89,2024-06-30 11:35:00
895,895,Cash,8.91,2024-06-27 18:47:00
896,896,Card,3.37,2024-06-03 16:08:00
897,897,Cash,5.89,2024-06-16 00:07:00
898,898,Bolt Balance,12.56,2024-06-20 08:39:00
899,899,Card,7.44,2024-06-01 18:51:00
900,900,Bolt Balance,6.57,2024-06-09 03:45:00
901,901,Card,4.67,2024-06-24 03:38:00
902,902,Bolt Balance,12.51,2024-06-19 19:10:00
903,903,Card,5.8,2024-06-14 20:58:00
904,904,Cash,5.27,2024-06-29 09:14:00
905,905,Card,10.58,2024-06-20 21:47:00
907,907,Cash,19.27,2024-06-13 03:44:00
908,908,Card,8.71,2024-06-21 02:26:00
909,909,Card,5.38,2024-06-10 05:39:00
910,910,Bolt Balance,6.18,2024-06-14 16:02:00
911,911,Bolt Balance,4.59,2024-06-02 02:49:00
912,912,Bolt Balance,18.38,2024-06-27 18:51:00
913,913,Card,5.34,2024-06-25 05:46:00
914,914,Card,11.93,2024-06-02 03:21:00
916,916,Card,5.9,2024-06-11 15:06:00
917,917,Cash,7.41,2024-06-15 08:12:00
918,918,Cash,24.84,2024-06-30 21:33:00
919,919,Card,11.78,2024-06-03 20:27:00
920,920,Bolt Balance,7.55,2024-06-15 20:59:00
921,921,Bolt Balance,11.26,2024-06-27 15:41:00
922,922,Bolt Balance,13.32,2024-06-25 06:46:00
925,925,Card,6.13,2024-06-07 10:44:00
926,926,Bolt Balance,4.11,2024-06-14 07:22:00
927,927,Card,19.3,2024-06-13 05:11:00
928,928,Cash,13.34,2024-06-18 05:02:00
929,929,Bolt Balance,12.17,2024-06-29 12:23:00
930,930,Cash,4.45,2024-06-11 03:52:00
931,931,Bolt Balance,8.92,2024-06-05 08:57:00
932,932,Card,10.95,2024-06-25 04:40:00
933,933,Card,5.04,2024-06-24 05:19:00
935,935,Card,8.62,2024-06-15 10:23:00
936,936,Card,7.46,2024-06-29 10:37:00
937,937,Bolt Balance,6.94,2024-06-17 20:56:00
938,938,Cash,5.26,2024-06-20 14:21:00
939,939,Card,8.6,2024-06-27 12:18:00
940,940,Bolt Balance,6.24,2024-06-02 05:52:00
942,942,Cash,10.24,2024-06-12 21:07:00
943,943,Card,8.48,2024-06-25 00:23:00
944,944,Cash,14.17,2024-06-07 21:06:00
945,945,Card,7.69,2024-06-12 19:21:00
947,947,Cash,15.42,2024-06-13 22:08:00
949,949,Cash,3.25,2024-06-15 07:59:00
951,951,Card,9.42,2024-06-01 01:07:00
952,952,Bolt Balance,6.55,2024-06-10 09:39:00
953,953,Cash,4.64,2024-06-02 08:30:00
954,954,Card,14.1,2024-06-24 18:35:00
955,955,Cash,4.56,2024-06-26 19:52:00
956,956,Cash,6.55,2024-06-01 18:04:00
958,958,Bolt Balance,8.47,2024-06-21 14:46:00
959,959,Cash,8.13,2024-06-06 15:58:00
960,960,Cash,11.26,2024-06-24 09:19:00
961,961,Card,9.74,2024-06-17 13:28:00
962,962,Card,9.56,2024-06-07 21:03:00
963,963,Bolt Balance,11.4,2024-06-24 10:23:00
965,965,Cash,8.56,2024-06-28 04:19:00
966,966,Cash,18.95,2024-06-06 16:52:00
967,967,Cash,4.2,2024-06-26 00:24:00
968,968,Bolt Balance,6.59,2024-06-13 02:12:00
969,969,Cash,6.67,2024-06-17 13:33:00
970,970,Card,12.07,2024-06-20 09:04:00
972,972,Bolt Balance,9.81,2024-06-06 11:43:00
973,973,Card,13.44,2024-06-12 00:29:00
974,974,Card,9.12,2024-06-21 03:56:00
975,975,Bolt Balance,5.09,2024-06-15 11:28:00
976,976,Card,6.36,2024-06-09 22:50:00
977,977,Cash,12.66,2024-06-20 17:45:00
978,978,Bolt Balance,10.64,2024-06-03 20:06:00
979,979,Card,10.8,2024-06-09 17:30:00
980,980,Cash,5.57,2024-06-19 16:20:00
981,981,Cash,9.49,2024-06-17 05:36:00
983,983,Card,8.54,2024-06-22 13:43:00
984,984,Cash,9.79,2024-06-07 08:45:00
985,985,Bolt Balance,13.27,2024-06-30 19:57:00
986,986,Card,5.99,2024-06-12 15:58:00
987,987,Cash,11.14,2024-06-03 09:21:00
989,989,Cash,10.61,2024-06-30 06:43:00
990,990,Card,8.49,2024-06-09 20:10:00
991,991,Card,12.58,2024-06-01 05:23:00
992,992,Card,6.15,2024-06-03 15:47:00
993,993,Card,5.21,2024-06-19 11:00:00
994,994,Bolt Balance,5.94,2024-06-17 08:30:00
995,995,Card,11.84,2024-06-02 22:12:00
996,996,Bolt Balance,8.09,2024-06-03 01:53:00
997,997,Bolt Balance,6.73,2024-06-30 11:29:00
998,998,Card,10.31,2024-06-15 03:31:00
999,999,Bolt Balance,8.23,2024-06-14 00:33:00
1000,1000,Card,8.31,2024-06-30 20:42:00
