ride_id,user_id,driver_id,city,start_time,end_time,distance_km,fare,status
1,56,30,Vilnius,2024-06-14 09:02:00,2024-06-14 09:54:00,1.86,3.8,completed
2,113,35,Vilnius,2024-06-16 09:55:00,2024-06-16 10:14:00,8.51,12.69,completed
3,28,23,Vilnius,2024-06-02 11:25:00,2024-06-02 11:53:00,11.09,10.26,completed
4,115,7,Riga,2024-06-04 13:22:00,2024-06-04 14:13:00,12.82,13.77,completed
5,18,38,Tartu,2024-06-28 12:50:00,2024-06-28 13:45:00,4.39,5.57,completed
6,39,17,Vilnius,2024-06-21 18:46:00,2024-06-21 19:12:00,5.58,6.41,completed
7,25,4,Tallinn,2024-06-06 06:01:00,2024-06-06 06:08:00,10.08,9.56,completed
8,34,47,Vilnius,2024-06-06 12:23:00,2024-06-06 13:07:00,7.04,7.43,completed
9,6,26,Tartu,2024-06-24 23:29:00,2024-06-25 00:18:00,5.62,9.65,completed
10,21,6,Vilnius,2024-06-02 02:45:00,2024-06-02 03:44:00,7.83,11.97,completed
11,94,31,Tartu,2024-06-14 23:19:00,2024-06-15 00:18:00,12.79,11.45,completed
12,36,24,Riga,2024-06-27 11:10:00,2024-06-27 11:20:00,6.57,14.2,completed
13,134,49,Vilnius,2024-06-14 03:35:00,2024-06-14 04:17:00,10.36,14.63,completed
14,136,26,Tallinn,2024-06-16 18:20:00,2024-06-16 19:08:00,3.87,10.42,completed
15,20,49,Tartu,2024-06-28 02:51:00,2024-06-28 03:42:00,10.9,12.16,completed
16,126,11,Vilnius,2024-06-23 09:34:00,2024-06-23 10:14:00,5.49,6.34,completed
17,10,5,Tartu,2024-06-16 13:42:00,2024-06-16 13:56:00,14.86,12.9,completed
18,65,37,Tartu,2024-06-14 08:16:00,2024-06-14 08:29:00,9.34,9.04,completed
19,94,31,Tartu,2024-06-29 07:12:00,2024-06-29 07:21:00,12.63,22.68,completed
20,120,11,Tallinn,2024-06-04 15:36:00,2024-06-04 16:14:00,3.54,4.98,completed
21,150,29,Tallinn,2024-06-06 13:27:00,2024-06-06 13:42:00,12.13,10.99,completed
22,165,5,Tallinn,2024-06-14 09:22:00,2024-06-14 09:40:00,8.32,8.32,completed
23,89,18,Tallinn,2024-06-07 14:30:00,2024-06-07 15:14:00,6.28,6.9,completed
24,23,15,Vilnius,2024-06-07 09:04:00,2024-06-07 09:33:00,5.98,6.69,completed
25,53,40,Vilnius,2024-06-19 13:27:00,2024-06-19 14:22:00,8.6,8.52,completed
26,179,8,Riga,2024-06-22 17:13:00,2024-06-22 18:09:00,12.12,13.18,completed
27,155,36,Vilnius,2024-06-08 11:49:00,2024-06-08 12:26:00,10.9,12.16,completed
28,196,22,Tartu,2024-06-23 09:45:00,2024-06-23 09:54:00,13.27,11.79,completed
29,159,47,Tallinn,2024-06-05 10:11:00,2024-06-05 11:00:00,2.78,4.45,completed
30,5,29,Tartu,2024-06-10 23:42:00,2024-06-10 23:50:00,11.11,12.33,completed
31,164,36,Tallinn,2024-06-24 07:21:00,2024-06-24 08:08:00,9.39,13.61,cancelled
32,104,38,Tartu,2024-06-10 00:39:00,2024-06-10 01:06:00,7.47,11.59,completed
33,141,40,Vilnius,2024-06-13 01:28:00,2024-06-13 02:05:00,1.25,5.06,cancelled
34,100,48,Tallinn,2024-06-27 21:27:00,2024-06-27 22:13:00,11.8,10.76,completed
35,51,29,Tallinn,2024-06-03 08:08:00,2024-06-03 08:34:00,13.75,12.12,completed
36,90,46,Tallinn,2024-06-14 08:56:00,2024-06-14 09:01:00,13.18,11.73,completed
37,149,47,Vilnius,2024-06-07 14:44:00,2024-06-07 14:57:00,3.88,6.26,completed
38,35,25,Vilnius,2024-06-24 21:13:00,2024-06-24 21:28:00,13.92,12.24,completed
39,91,17,Tallinn,2024-06-05 17:03:00,2024-06-05 17:50:00,1.46,5.28,completed
40,25,7,Tallinn,2024-06-04 16:19:00,2024-06-04 16:29:00,1.47,3.53,completed
41,150,26,Tallinn,2024-06-08 05:15:00,2024-06-08 06:09:00,10.29,9.7,cancelled
42,177,20,Riga,2024-06-18 07:17:00,2024-06-18 07:49:00,8.49,8.44,completed
43,141,30,Vilnius,2024-06-19 15:18:00,2024-06-19 16:13:00,3.94,7.89,completed
44,29,49,Vilnius,2024-06-15 12:28:00,2024-06-15 13:01:00,7.61,7.83,completed
45,78,47,Tallinn,2024-06-21 01:05:00,2024-06-21 02:03:00,7.17,7.52,completed
46,63,4,Tallinn,2024-06-09 13:42:00,2024-06-09 14:25:00,11.55,10.58,completed
47,162,33,Tallinn,2024-06-12 09:58:00,2024-06-12 10:30:00,12.76,17.15,completed
48,57,3,Tallinn,2024-06-22 07:18:00,2024-06-22 07:30:00,2.46,5.07,completed
49,97,28,Vilnius,2024-06-25 21:02:00,2024-06-25 21:14:00,2.39,4.17,completed
50,120,46,Tallinn,2024-06-14 03:22:00,2024-06-14 03:42:00,6.56,8.51,completed
51,55,48,Riga,2024-06-05 06:30:00,2024-06-05 06:44:00,2.2,4.04,completed
52,125,19,Vilnius,2024-06-10 14:59:00,2024-06-10 15:32:00,6.9,11.0,completed
53,148,11,Riga,2024-06-27 02:49:00,2024-06-27 02:55:00,6.08,6.76,completed
54,37,38,Vilnius,2024-06-01 21:19:00,2024-06-01 21:53:00,6.08,10.13,completed
55,86,44,Tallinn,2024-06-21 19:35:00,2024-06-21 19:56:00,13.16,11.71,completed
56,128,32,Tartu,2024-06-20 19:29:00,2024-06-20 20:24:00,8.17,9.86,completed
57,25,39,Tallinn,2024-06-17 11:52:00,2024-06-17 12:50:00,10.03,9.52,completed
58,29,45,Vilnius,2024-06-07 05:56:00,2024-06-07 06:11:00,12.52,11.26,completed
59,41,38,Riga,2024-06-19 12:17:00,2024-06-19 12:38:00,6.67,7.17,completed
60,117,42,Riga,2024-06-12 14:45:00,2024-06-12 15:10:00,4.69,5.78,completed
61,98,12,Vilnius,2024-06-07 00:06:00,2024-06-07 00:20:00,13.8,12.16,completed
62,122,46,Tallinn,2024-06-15 07:29:00,2024-06-15 08:27:00,11.33,10.43,completed
63,26,29,Vilnius,2024-06-17 17:03:00,2024-06-17 17:43:00,11.07,10.25,completed
64,98,47,Vilnius,2024-06-02 21:11:00,2024-06-02 22:09:00,2.89,4.52,completed
65,148,19,Riga,2024-06-02 05:22:00,2024-06-02 06:18:00,1.72,3.7,completed
66,154,2,Tallinn,2024-06-02 01:24:00,2024-06-02 01:37:00,2.05,4.72,completed
67,171,40,Tartu,2024-06-10 06:30:00,2024-06-10 07:09:00,12.47,13.47,completed
68,102,34,Vilnius,2024-06-17 00:11:00,2024-06-17 00:34:00,5.4,9.42,cancelled
69,17,10,Tartu,2024-06-26 06:48:00,2024-06-26 07:47:00,8.3,8.31,cancelled
70,83,8,Tartu,2024-06-09 12:14:00,2024-06-09 12:39:00,11.63,12.77,completed
71,200,25,Tallinn,2024-06-09 06:38:00,2024-06-09 07:08:00,1.72,4.44,completed
72,16,7,Riga,2024-06-29 17:20:00,2024-06-29 17:47:00,8.78,8.65,completed
73,79,7,Riga,2024-06-03 22:32:00,2024-06-03 23:27:00,13.94,24.52,cancelled
74,82,31,Tallinn,2024-06-18 17:10:00,2024-06-18 17:49:00,5.47,9.49,completed
75,159,24,Tallinn,2024-06-25 14:35:00,2024-06-25 15:24:00,2.08,4.75,completed
76,183,23,Tartu,2024-06-09 18:51:00,2024-06-09 19:34:00,5.41,6.29,completed
77,153,13,Vilnius,2024-06-19 23:45:00,2024-06-20 00:22:00,13.4,14.26,completed
78,55,35,Riga,2024-06-01 09:05:00,2024-06-01 09:39:00,1.0,3.2,completed
79,96,35,Tallinn,2024-06-22 05:46:00,2024-06-22 06:29:00,1.13,3.29,completed
80,62,44,Tartu,2024-06-10 00:24:00,2024-06-10 00:44:00,13.23,23.52,completed
81,153,39,Vilnius,2024-06-09 19:16:00,2024-06-09 19:21:00,4.34,5.54,completed
82,158,50,Vilnius,2024-06-23 20:33:00,2024-06-23 21:14:00,1.59,3.61,cancelled
83,73,15,Tartu,2024-06-11 12:32:00,2024-06-11 13:00:00,2.74,8.84,completed
84,171,6,Tartu,2024-06-01 13:26:00,2024-06-01 14:16:00,9.41,13.63,cancelled
85,199,4,Tallinn,2024-06-12 01:34:00,2024-06-12 02:32:00,9.51,9.16,completed
86,57,26,Tallinn,2024-06-13 00:40:00,2024-06-13 01:33:00,14.4,18.87,completed
87,54,47,Tartu,2024-06-01 12:06:00,2024-06-01 12:59:00,8.26,8.28,completed
88,123,42,Tallinn,2024-06-14 02:10:00,2024-06-14 03:04:00,7.88,16.03,completed
89,13,47,Vilnius,2024-06-27 00:03:00,2024-06-27 00:21:00,13.04,11.63,completed
90,123,28,Tallinn,2024-06-23 10:04:00,2024-06-23 10:17:00,1.62,5.45,completed
91,40,25,Tartu,2024-06-11 19:45:00,2024-06-11 20:13:00,4.54,5.68,completed
92,176,26,Riga,2024-06-30 01:53:00,2024-06-30 02:03:00,14.47,12.63,completed
93,81,50,Tartu,2024-06-07 14:36:00,2024-06-07 15:12:00,8.23,12.39,completed
94,40,34,Tartu,2024-06-05 07:03:00,2024-06-05 07:34:00,13.1,14.0,completed
95,80,40,Vilnius,2024-06-02 11:39:00,2024-06-02 12:16:00,3.2,4.74,completed
96,45,25,Tallinn,2024-06-19 06:12:00,2024-06-19 06:58:00,2.48,5.08,completed
97,133,43,Vilnius,2024-06-07 06:17:00,2024-06-07 07:12:00,13.31,11.82,completed
98,181,30,Tallinn,2024-06-30 12:54:00,2024-06-30 13:29:00,1.02,3.21,completed
99,12,39,Tallinn,2024-06-08 01:37:00,2024-06-08 02:13:00,2.18,4.03,completed
100,104,31,Tartu,2024-06-05 20:49:00,2024-06-05 21:17:00,12.46,11.22,completed
101,199,10,Tallinn,2024-06-16 02:16:00,2024-06-16 02:52:00,12.76,11.43,completed
102,37,29,Vilnius,2024-06-12 13:41:00,2024-06-12 13:49:00,3.43,5.88,cancelled
103,192,17,Tartu,2024-06-11 07:39:00,2024-06-11 08:05:00,10.92,10.14,completed
104,120,18,Tallinn,2024-06-02 15:13:00,2024-06-02 15:31:00,14.63,25.48,completed
105,180,12,Vilnius,2024-06-15 22:30:00,2024-06-15 23:03:00,1.31,3.42,completed
106,179,11,Riga,2024-06-21 07:21:00,2024-06-21 07:48:00,7.24,7.57,cancelled
107,99,13,Riga,2024-06-23 09:12:00,2024-06-23 09:55:00,8.38,12.55,completed
108,32,2,Tallinn,2024-06-10 05:01:00,2024-06-10 05:25:00,10.16,9.61,cancelled
109,184,28,Vilnius,2024-06-24 10:36:00,2024-06-24 11:01:00,13.73,18.17,cancelled
110,147,5,Tartu,2024-06-04 21:46:00,2024-06-04 21:51:00,5.49,7.61,completed
111,163,49,Riga,2024-06-29 23:52:00,2024-06-30 00:20:00,6.16,10.22,completed
112,72,46,Tartu,2024-06-05 00:16:00,2024-06-05 00:49:00,11.87,12.97,completed
113,199,3,Tallinn,2024-06-13 01:03:00,2024-06-13 01:51:00,1.46,5.28,completed
114,46,15,Riga,2024-06-03 05:44:00,2024-06-03 06:18:00,2.64,4.35,completed
115,9,38,Tartu,2024-06-07 09:28:00,2024-06-07 09:54:00,9.15,8.91,completed
116,139,13,Tallinn,2024-06-26 15:35:00,2024-06-26 16:00:00,2.01,3.91,completed
117,95,38,Tallinn,2024-06-19 03:43:00,2024-06-19 03:58:00,10.73,15.02,completed
118,136,11,Tallinn,2024-06-23 21:41:00,2024-06-23 22:36:00,2.47,4.23,cancelled
119,160,15,Riga,2024-06-07 02:23:00,2024-06-07 03:21:00,9.65,11.11,completed
120,160,50,Riga,2024-06-05 10:08:00,2024-06-05 10:45:00,13.36,11.85,completed
121,154,22,Tallinn,2024-06-11 18:45:00,2024-06-11 19:28:00,3.81,6.2,completed
122,106,44,Riga,2024-06-05 05:30:00,2024-06-05 05:37:00,13.55,11.98,completed
123,160,41,Riga,2024-06-18 13:31:00,2024-06-18 13:43:00,14.26,14.98,completed
124,111,7,Vilnius,2024-06-24 01:46:00,2024-06-24 02:10:00,8.74,8.62,completed
125,127,3,Tallinn,2024-06-15 18:48:00,2024-06-15 19:34:00,7.14,9.0,completed
126,12,13,Tallinn,2024-06-02 02:00:00,2024-06-02 02:49:00,9.62,9.23,completed
127,173,8,Riga,2024-06-20 17:00:00,2024-06-20 17:59:00,7.07,7.45,completed
128,198,18,Tallinn,2024-06-12 04:02:00,2024-06-12 04:28:00,5.65,6.46,completed
129,156,10,Riga,2024-06-07 05:06:00,2024-06-07 05:45:00,4.09,5.36,completed
130,135,12,Tallinn,2024-06-05 20:45:00,2024-06-05 21:10:00,11.18,12.39,completed
131,4,28,Tallinn,2024-06-19 00:43:00,2024-06-19 01:07:00,8.07,8.15,completed
132,105,36,Tallinn,2024-06-18 22:49:00,2024-06-18 23:46:00,6.54,8.49,completed
133,164,6,Tallinn,2024-06-09 11:21:00,2024-06-09 12:16:00,9.29,13.5,completed
134,18,40,Tartu,2024-06-14 10:22:00,2024-06-14 10:59:00,2.84,5.39,cancelled
135,87,42,Vilnius,2024-06-30 02:19:00,2024-06-30 02:37:00,14.6,12.72,completed
136,41,47,Riga,2024-06-23 18:21:00,2024-06-23 19:04:00,6.03,6.72,completed
137,123,25,Tallinn,2024-06-19 11:36:00,2024-06-19 12:08:00,4.61,6.87,completed
138,168,12,Riga,2024-06-23 12:19:00,2024-06-23 13:08:00,4.32,5.52,completed
139,118,14,Tallinn,2024-06-08 12:31:00,2024-06-08 12:45:00,7.28,9.12,completed
140,133,20,Vilnius,2024-06-27 20:23:00,2024-06-27 21:10:00,14.28,12.5,completed
141,28,43,Vilnius,2024-06-05 05:56:00,2024-06-05 06:12:00,7.64,11.77,completed
142,156,47,Riga,2024-06-02 05:02:00,2024-06-02 05:12:00,3.88,5.22,completed
143,130,9,Riga,2024-06-18 23:32:00,2024-06-18 23:56:00,1.72,4.44,completed
144,59,5,Vilnius,2024-06-21 17:36:00,2024-06-21 18:29:00,9.19,10.72,completed
145,43,34,Tallinn,2024-06-17 13:37:00,2024-06-17 14:10:00,13.15,11.7,completed
146,178,23,Tartu,2024-06-29 00:43:00,2024-06-29 01:25:00,2.96,4.57,completed
147,80,50,Vilnius,2024-06-12 23:55:00,2024-06-13 00:54:00,3.27,4.79,completed
148,157,32,Tallinn,2024-06-10 11:49:00,2024-06-10 11:58:00,14.49,12.64,completed
149,119,26,Riga,2024-06-16 14:33:00,2024-06-16 15:07:00,7.96,9.69,completed
150,113,12,Vilnius,2024-06-30 17:43:00,2024-06-30 18:12:00,10.65,11.95,completed
151,142,48,Tartu,2024-06-10 07:00:00,2024-06-10 07:45:00,2.49,5.09,cancelled
152,198,9,Tallinn,2024-06-06 10:48:00,2024-06-06 11:17:00,13.19,14.08,completed
153,68,34,Tallinn,2024-06-25 23:01:00,2024-06-25 23:51:00,13.96,12.27,cancelled
154,141,41,Vilnius,2024-06-18 15:46:00,2024-06-18 16:35:00,12.45,11.21,completed
155,89,21,Tallinn,2024-06-03 14:06:00,2024-06-03 14:11:00,6.13,6.79,completed
156,60,29,Riga,2024-06-27 15:20:00,2024-06-27 15:57:00,4.33,5.53,completed
157,11,35,Tartu,2024-06-08 18:47:00,2024-06-08 19:37:00,10.0,11.4,completed
158,85,26,Riga,2024-06-05 11:51:00,2024-06-05 12:43:00,12.86,17.25,completed
159,153,12,Vilnius,2024-06-16 00:36:00,2024-06-16 01:14:00,8.37,8.36,completed
160,43,48,Tallinn,2024-06-19 17:26:00,2024-06-19 17:36:00,11.46,12.63,completed
161,21,23,Vilnius,2024-06-30 03:34:00,2024-06-30 03:54:00,10.06,14.31,completed
162,51,15,Tallinn,2024-06-10 01:56:00,2024-06-10 02:13:00,5.92,6.64,completed
163,117,46,Riga,2024-06-26 06:18:00,2024-06-26 06:51:00,12.24,11.07,completed
164,164,30,Tallinn,2024-06-30 14:41:00,2024-06-30 14:47:00,4.82,5.87,completed
165,7,31,Tallinn,2024-06-21 15:34:00,2024-06-21 15:51:00,3.58,5.01,completed
166,189,42,Tartu,2024-06-18 02:11:00,2024-06-18 02:35:00,7.77,11.91,completed
167,120,45,Tallinn,2024-06-10 11:53:00,2024-06-10 12:44:00,14.32,15.03,completed
168,137,26,Riga,2024-06-26 23:04:00,2024-06-26 23:23:00,9.55,9.18,completed
169,72,24,Tartu,2024-06-25 23:53:00,2024-06-26 00:24:00,11.93,10.85,completed
170,60,39,Riga,2024-06-26 00:41:00,2024-06-26 01:10:00,2.34,4.97,completed
171,69,47,Tartu,2024-06-19 04:00:00,2024-06-19 04:39:00,13.17,11.72,completed
172,150,48,Tallinn,2024-06-02 23:32:00,2024-06-02 23:51:00,4.22,5.45,completed
173,78,13,Tallinn,2024-06-28 09:00:00,2024-06-28 09:29:00,14.83,12.88,completed
174,67,42,Riga,2024-06-23 07:17:00,2024-06-23 08:00:00,11.14,10.3,completed
175,46,19,Riga,2024-06-27 17:07:00,2024-06-27 17:37:00,5.72,9.76,completed
176,36,40,Riga,2024-06-06 10:43:00,2024-06-06 10:50:00,6.62,7.13,completed
177,196,13,Tartu,2024-06-05 15:44:00,2024-06-05 15:50:00,10.37,9.76,completed
178,8,38,Riga,2024-06-24 23:03:00,2024-06-24 23:57:00,10.52,9.86,completed
179,86,6,Tallinn,2024-06-04 15:29:00,2024-06-04 15:56:00,6.3,6.91,cancelled
180,30,8,Riga,2024-06-01 11:01:00,2024-06-01 11:49:00,2.24,8.14,completed
181,47,16,Riga,2024-06-25 14:33:00,2024-06-25 15:07:00,7.31,9.14,completed
182,140,8,Riga,2024-06-28 16:51:00,2024-06-28 16:58:00,13.98,12.29,completed
183,104,5,Tartu,2024-06-29 16:43:00,2024-06-29 16:48:00,12.79,11.45,completed
184,200,39,Tallinn,2024-06-04 09:35:00,2024-06-04 10:12:00,9.52,9.16,completed
185,142,36,Tartu,2024-06-05 00:22:00,2024-06-05 01:16:00,5.78,6.55,completed
186,193,11,Tallinn,2024-06-27 10:27:00,2024-06-27 10:54:00,14.19,18.65,completed
187,150,43,Tallinn,2024-06-08 05:02:00,2024-06-08 05:28:00,8.93,8.75,completed
188,49,42,Vilnius,2024-06-18 11:29:00,2024-06-18 12:18:00,6.33,10.4,completed
189,134,3,Vilnius,2024-06-20 18:55:00,2024-06-20 19:06:00,5.27,6.19,completed
190,66,27,Riga,2024-06-15 07:29:00,2024-06-15 08:08:00,5.85,13.19,completed
191,25,2,Tallinn,2024-06-07 05:44:00,2024-06-07 06:42:00,5.39,7.53,completed
192,80,46,Vilnius,2024-06-11 05:16:00,2024-06-11 06:12:00,8.04,8.13,completed
193,117,34,Riga,2024-06-25 19:32:00,2024-06-25 20:10:00,8.09,8.16,completed
194,12,32,Tallinn,2024-06-09 05:51:00,2024-06-09 06:23:00,5.37,6.26,completed
195,60,6,Riga,2024-06-13 16:28:00,2024-06-13 17:15:00,9.67,11.12,completed
196,5,19,Tartu,2024-06-30 19:13:00,2024-06-30 19:27:00,3.96,5.27,completed
197,159,15,Tallinn,2024-06-18 09:12:00,2024-06-18 09:39:00,4.35,5.54,completed
198,190,46,Tallinn,2024-06-07 07:14:00,2024-06-07 07:25:00,10.69,9.98,completed
199,103,40,Vilnius,2024-06-17 04:32:00,2024-06-17 05:13:00,9.61,9.23,completed
200,124,38,Tartu,2024-06-11 17:02:00,2024-06-11 17:43:00,13.41,11.89,completed
201,7,27,Tallinn,2024-06-19 13:15:00,2024-06-19 13:41:00,12.59,13.58,completed
202,183,2,Tartu,2024-06-17 20:42:00,2024-06-17 21:07:00,1.27,3.39,completed
203,58,39,Tallinn,2024-06-18 16:36:00,2024-06-18 16:41:00,5.53,9.56,completed
204,181,18,Tallinn,2024-06-01 11:11:00,2024-06-01 11:51:00,6.2,6.84,completed
205,149,26,Vilnius,2024-06-08 11:09:00,2024-06-08 11:17:00,13.11,11.68,completed
206,180,29,Vilnius,2024-06-14 19:17:00,2024-06-14 20:03:00,11.99,16.34,cancelled
207,17,9,Tartu,2024-06-18 08:40:00,2024-06-18 08:45:00,12.32,11.12,completed
208,58,40,Tallinn,2024-06-18 14:44:00,2024-06-18 15:16:00,9.92,11.33,completed
209,200,49,Tallinn,2024-06-06 14:40:00,2024-06-06 15:07:00,8.26,8.28,completed
210,193,23,Tallinn,2024-06-19 13:24:00,2024-06-19 13:36:00,1.58,3.61,completed
211,109,24,Riga,2024-06-17 16:34:00,2024-06-17 17:02:00,1.5,3.55,completed
212,159,46,Tallinn,2024-06-07 20:26:00,2024-06-07 21:22:00,11.85,12.95,completed
213,186,5,Tallinn,2024-06-29 23:32:00,2024-06-30 00:06:00,12.63,11.34,completed
214,111,32,Vilnius,2024-06-28 06:39:00,2024-06-28 07:11:00,13.58,14.41,completed
215,73,2,Tartu,2024-06-22 15:42:00,2024-06-22 16:36:00,1.15,3.3,completed
216,105,41,Tallinn,2024-06-09 16:24:00,2024-06-09 17:23:00,1.59,7.23,completed
217,140,27,Riga,2024-06-16 06:31:00,2024-06-16 06:37:00,9.43,9.1,completed
218,32,32,Tallinn,2024-06-21 18:41:00,2024-06-21 18:56:00,1.61,3.63,completed
219,153,40,Vilnius,2024-06-27 21:14:00,2024-06-27 21:32:00,7.15,9.01,cancelled
220,158,20,Vilnius,2024-06-08 22:35:00,2024-06-08 23:11:00,7.94,8.06,cancelled
221,122,32,Tallinn,2024-06-08 10:56:00,2024-06-08 11:12:00,13.86,12.2,completed
222,149,8,Vilnius,2024-06-23 23:09:00,2024-06-23 23:53:00,8.81,8.67,completed
223,86,22,Tallinn,2024-06-15 09:14:00,2024-06-15 09:43:00,14.12,12.38,completed
224,29,21,Vilnius,2024-06-18 06:18:00,2024-06-18 07:12:00,3.99,5.29,completed
225,22,43,Tallinn,2024-06-19 18:44:00,2024-06-19 19:21:00,8.12,8.18,completed
226,157,30,Tallinn,2024-06-05 02:46:00,2024-06-05 03:34:00,9.91,11.32,completed
227,106,16,Riga,2024-06-16 17:36:00,2024-06-16 18:24:00,11.17,20.64,completed
228,64,42,Riga,2024-06-02 18:00:00,2024-06-02 18:14:00,11.39,15.71,completed
229,66,41,Riga,2024-06-02 11:59:00,2024-06-02 12:16:00,8.54,8.48,completed
230,58,12,Tallinn,2024-06-19 15:12:00,2024-06-19 15:30:00,3.83,10.36,completed
231,75,16,Tartu,2024-06-24 23:46:00,2024-06-25 00:21:00,5.28,9.29,cancelled
232,132,47,Tallinn,2024-06-07 15:56:00,2024-06-07 16:04:00,11.11,15.42,completed
233,37,38,Vilnius,2024-06-27 15:16:00,2024-06-27 16:14:00,10.74,10.02,completed
234,4,45,Tallinn,2024-06-11 16:19:00,2024-06-11 16:40:00,9.23,8.96,completed
235,80,4,Vilnius,2024-06-26 12:07:00,2024-06-26 12:35:00,10.47,14.74,completed
236,60,19,Riga,2024-06-03 08:30:00,2024-06-03 09:20:00,3.09,5.6,completed
237,58,38,Tallinn,2024-06-10 07:48:00,2024-06-10 08:23:00,12.55,11.28,completed
238,94,49,Tartu,2024-06-08 10:40:00,2024-06-08 11:02:00,6.2,6.84,completed
239,47,11,Riga,2024-06-12 05:44:00,2024-06-12 06:42:00,10.0,9.5,completed
240,47,27,Riga,2024-06-24 23:01:00,2024-06-24 23:52:00,12.76,11.43,completed
241,144,5,Vilnius,2024-06-22 00:28:00,2024-06-22 00:42:00,5.68,6.48,completed
242,118,45,Tallinn,2024-06-25 16:05:00,2024-06-25 16:26:00,14.01,14.77,completed
243,35,46,Vilnius,2024-06-04 11:37:00,2024-06-04 12:32:00,6.28,6.9,completed
244,149,10,Vilnius,2024-06-18 13:19:00,2024-06-18 13:28:00,10.88,12.14,completed
245,39,50,Vilnius,2024-06-21 08:32:00,2024-06-21 09:00:00,11.21,12.42,completed
246,60,44,Riga,2024-06-26 17:31:00,2024-06-26 18:06:00,13.92,12.24,completed
247,152,44,Riga,2024-06-27 00:41:00,2024-06-27 01:15:00,1.51,3.56,completed
248,14,10,Tartu,2024-06-23 15:11:00,2024-06-23 15:31:00,11.63,10.64,completed
249,44,9,Tallinn,2024-06-22 04:28:00,2024-06-22 05:08:00,1.47,3.53,cancelled
250,185,21,Tallinn,2024-06-12 20:33:00,2024-06-12 21:10:00,11.81,10.77,completed
251,160,11,Riga,2024-06-01 19:31:00,2024-06-01 19:59:00,8.84,13.03,completed
252,120,14,Tallinn,2024-06-04 18:32:00,2024-06-04 19:13:00,14.74,12.82,completed
253,165,24,Tallinn,2024-06-19 16:48:00,2024-06-19 17:11:00,5.32,9.34,cancelled
254,189,41,Tartu,2024-06-05 09:04:00,2024-06-05 09:58:00,11.08,10.26,completed
255,86,33,Tallinn,2024-06-07 20:39:00,2024-06-07 21:17:00,6.66,7.16,completed
256,177,17,Riga,2024-06-02 03:13:00,2024-06-02 03:23:00,4.17,8.13,completed
257,5,2,Tartu,2024-06-10 23:17:00,2024-06-11 00:09:00,4.03,5.32,completed
258,179,39,Riga,2024-06-20 06:13:00,2024-06-20 06:29:00,1.87,3.81,completed
259,138,35,Vilnius,2024-06-02 04:47:00,2024-06-02 05:42:00,12.01,10.91,completed
260,20,26,Tartu,2024-06-07 10:43:00,2024-06-07 11:33:00,11.56,10.59,completed
261,79,22,Riga,2024-06-11 08:59:00,2024-06-11 09:17:00,4.34,5.54,cancelled
262,26,49,Vilnius,2024-06-21 05:18:00,2024-06-21 05:24:00,1.91,3.84,cancelled
263,97,42,Vilnius,2024-06-30 03:31:00,2024-06-30 04:10:00,2.48,5.08,completed
264,178,43,Tartu,2024-06-23 16:18:00,2024-06-23 16:27:00,14.5,12.65,completed
265,152,28,Riga,2024-06-16 03:20:00,2024-06-16 04:00:00,4.87,5.91,completed
266,143,48,Riga,2024-06-02 14:05:00,2024-06-02 14:49:00,8.28,8.3,completed
267,130,7,Riga,2024-06-27 04:31:00,2024-06-27 04:38:00,6.08,10.13,completed
268,161,28,Vilnius,2024-06-14 14:24:00,2024-06-14 15:23:00,3.58,7.51,completed
269,107,37,Vilnius,2024-06-02 14:27:00,2024-06-02 15:01:00,9.61,9.23,completed
270,12,11,Tallinn,2024-06-11 12:29:00,2024-06-11 13:28:00,14.54,12.68,cancelled
271,21,30,Vilnius,2024-06-01 21:23:00,2024-06-01 21:55:00,13.35,11.84,completed
272,27,5,Vilnius,2024-06-07 18:32:00,2024-06-07 18:39:00,8.38,10.04,completed
273,126,5,Vilnius,2024-06-23 21:54:00,2024-06-23 22:26:00,13.01,17.41,completed
274,60,44,Riga,2024-06-21 21:30:00,2024-06-21 21:36:00,12.5,11.25,completed
275,131,12,Riga,2024-06-09 20:43:00,2024-06-09 21:17:00,3.43,5.88,completed
276,190,33,Tallinn,2024-06-18 17:56:00,2024-06-18 18:35:00,2.99,4.59,completed
277,58,11,Tallinn,2024-06-28 16:24:00,2024-06-28 16:51:00,9.69,9.28,completed
278,139,30,Tallinn,2024-06-29 06:38:00,2024-06-29 07:09:00,9.88,9.42,completed
279,66,35,Riga,2024-06-07 08:07:00,2024-06-07 08:39:00,10.54,9.88,completed
280,1,8,Tallinn,2024-06-26 09:58:00,2024-06-26 10:25:00,2.08,3.96,completed
281,47,38,Riga,2024-06-26 23:16:00,2024-06-26 23:55:00,11.68,10.68,completed
282,145,39,Vilnius,2024-06-24 00:40:00,2024-06-24 01:19:00,1.83,5.67,completed
283,134,27,Vilnius,2024-06-02 16:54:00,2024-06-02 17:25:00,6.46,7.02,completed
284,72,35,Tartu,2024-06-27 16:29:00,2024-06-27 16:47:00,7.71,7.9,completed
285,14,26,Tartu,2024-06-24 23:18:00,2024-06-24 23:44:00,13.02,11.61,cancelled
286,170,19,Riga,2024-06-17 20:24:00,2024-06-17 20:56:00,1.25,6.75,completed
287,124,19,Tartu,2024-06-04 02:53:00,2024-06-04 03:35:00,2.68,4.38,completed
288,9,33,Tartu,2024-06-09 01:59:00,2024-06-09 02:55:00,5.22,6.15,completed
289,187,14,Tartu,2024-06-23 18:48:00,2024-06-23 18:56:00,1.9,5.74,completed
290,125,46,Vilnius,2024-06-04 17:34:00,2024-06-04 18:33:00,8.44,12.61,completed
291,12,35,Tallinn,2024-06-01 12:58:00,2024-06-01 13:48:00,12.98,11.59,completed
292,20,37,Tartu,2024-06-30 19:46:00,2024-06-30 20:34:00,2.61,4.33,cancelled
293,68,35,Tallinn,2024-06-07 08:48:00,2024-06-07 09:26:00,13.31,11.82,completed
294,175,40,Tallinn,2024-06-19 17:15:00,2024-06-19 18:13:00,7.08,8.95,completed
295,26,29,Vilnius,2024-06-12 15:49:00,2024-06-12 16:33:00,14.27,12.49,completed
296,179,4,Riga,2024-06-13 15:50:00,2024-06-13 16:01:00,2.84,4.49,completed
297,67,22,Riga,2024-06-01 03:13:00,2024-06-01 03:41:00,9.41,10.9,completed
298,87,38,Vilnius,2024-06-28 21:57:00,2024-06-28 22:23:00,4.56,5.69,completed
299,27,8,Vilnius,2024-06-14 18:35:00,2024-06-14 19:21:00,14.6,12.72,completed
300,168,14,Riga,2024-06-04 18:10:00,2024-06-04 19:02:00,4.93,5.95,completed
301,49,46,Vilnius,2024-06-13 04:23:00,2024-06-13 05:10:00,12.81,11.47,completed
302,177,42,Riga,2024-06-04 19:22:00,2024-06-04 20:20:00,14.04,12.33,completed
303,41,17,Riga,2024-06-24 08:23:00,2024-06-24 08:48:00,5.83,6.58,completed
304,141,11,Vilnius,2024-06-24 19:25:00,2024-06-24 19:48:00,7.31,11.43,completed
305,168,44,Riga,2024-06-06 16:50:00,2024-06-06 17:06:00,13.35,14.21,completed
306,189,48,Tartu,2024-06-16 13:52:00,2024-06-16 14:41:00,11.06,20.48,completed
307,153,27,Vilnius,2024-06-10 11:34:00,2024-06-10 12:08:00,4.61,5.73,completed
308,82,18,Tallinn,2024-06-03 19:13:00,2024-06-03 19:21:00,6.37,6.96,completed
309,147,47,Tartu,2024-06-08 09:31:00,2024-06-08 10:15:00,11.52,10.56,completed
310,143,41,Riga,2024-06-05 02:09:00,2024-06-05 02:42:00,10.5,9.85,completed
311,10,14,Tartu,2024-06-09 16:17:00,2024-06-09 17:12:00,13.79,14.58,completed
312,84,6,Tallinn,2024-06-09 04:17:00,2024-06-09 04:50:00,1.93,3.85,completed
313,81,41,Tartu,2024-06-20 21:49:00,2024-06-20 22:05:00,5.13,6.09,completed
314,101,21,Riga,2024-06-26 23:57:00,2024-06-27 00:50:00,4.02,5.31,completed
315,38,28,Vilnius,2024-06-08 07:16:00,2024-06-08 08:14:00,12.93,11.55,completed
316,73,38,Tartu,2024-06-26 00:27:00,2024-06-26 01:15:00,12.18,16.54,completed
317,79,41,Riga,2024-06-03 04:14:00,2024-06-03 04:41:00,5.46,6.32,completed
318,57,36,Tallinn,2024-06-15 03:44:00,2024-06-15 04:12:00,6.24,6.87,completed
319,196,37,Tartu,2024-06-19 04:07:00,2024-06-19 04:12:00,5.84,6.59,completed
320,188,18,Riga,2024-06-02 09:31:00,2024-06-02 10:10:00,5.77,6.54,completed
321,49,49,Vilnius,2024-06-07 02:07:00,2024-06-07 02:16:00,8.44,12.61,completed
322,65,31,Tartu,2024-06-04 23:44:00,2024-06-05 00:33:00,14.61,12.73,cancelled
323,67,11,Riga,2024-06-04 05:32:00,2024-06-04 05:40:00,2.39,4.17,cancelled
324,51,50,Tallinn,2024-06-13 23:33:00,2024-06-13 23:52:00,7.83,7.98,completed
325,37,42,Vilnius,2024-06-06 18:35:00,2024-06-06 19:16:00,7.64,7.85,cancelled
326,113,29,Vilnius,2024-06-15 06:18:00,2024-06-15 07:09:00,3.12,4.68,cancelled
327,22,4,Tallinn,2024-06-20 05:56:00,2024-06-20 06:37:00,7.69,7.88,completed
328,53,23,Vilnius,2024-06-07 15:29:00,2024-06-07 16:05:00,10.93,10.15,completed
329,127,44,Tallinn,2024-06-19 03:32:00,2024-06-19 04:20:00,12.63,11.34,completed
330,191,24,Vilnius,2024-06-12 02:36:00,2024-06-12 03:15:00,3.11,7.02,completed
331,17,35,Tartu,2024-06-15 00:59:00,2024-06-15 01:21:00,9.73,9.31,completed
332,165,39,Tallinn,2024-06-14 03:51:00,2024-06-14 04:23:00,12.94,13.87,cancelled
333,64,27,Riga,2024-06-01 19:00:00,2024-06-01 19:38:00,11.11,10.28,completed
334,149,11,Vilnius,2024-06-19 02:46:00,2024-06-19 03:18:00,1.81,4.52,completed
335,12,6,Tallinn,2024-06-23 09:52:00,2024-06-23 10:47:00,7.48,15.47,completed
336,96,6,Tallinn,2024-06-05 23:26:00,2024-06-06 00:25:00,6.25,6.88,completed
337,151,15,Tallinn,2024-06-10 00:31:00,2024-06-10 01:26:00,9.08,13.28,cancelled
338,82,28,Tallinn,2024-06-13 17:54:00,2024-06-13 18:45:00,11.7,10.69,cancelled
339,48,9,Tallinn,2024-06-25 01:11:00,2024-06-25 02:07:00,1.04,3.87,completed
340,72,19,Tartu,2024-06-29 03:10:00,2024-06-29 03:52:00,4.58,5.71,cancelled
341,189,31,Tartu,2024-06-18 01:26:00,2024-06-18 01:46:00,11.68,16.01,completed
342,67,10,Riga,2024-06-16 11:53:00,2024-06-16 12:18:00,6.02,10.07,completed
343,184,30,Vilnius,2024-06-15 06:16:00,2024-06-15 06:50:00,1.12,6.57,completed
344,113,40,Vilnius,2024-06-09 01:10:00,2024-06-09 01:44:00,1.2,4.01,completed
345,1,15,Tallinn,2024-06-15 07:40:00,2024-06-15 08:24:00,14.12,18.58,completed
346,1,36,Tallinn,2024-06-21 06:58:00,2024-06-21 07:04:00,2.46,4.22,completed
347,128,4,Tartu,2024-06-06 23:25:00,2024-06-07 00:00:00,1.92,3.84,completed
348,188,13,Riga,2024-06-08 02:07:00,2024-06-08 02:45:00,1.09,3.26,completed
349,66,40,Riga,2024-06-05 00:16:00,2024-06-05 01:15:00,12.79,11.45,completed
350,66,2,Riga,2024-06-08 04:30:00,2024-06-08 05:05:00,4.25,5.48,completed
351,120,27,Tallinn,2024-06-26 07:49:00,2024-06-26 08:22:00,9.17,13.38,completed
352,158,13,Vilnius,2024-06-24 20:04:00,2024-06-24 20:27:00,6.01,8.05,completed
353,81,23,Tartu,2024-06-17 00:31:00,2024-06-17 00:45:00,9.2,10.73,completed
354,160,50,Riga,2024-06-11 16:13:00,2024-06-11 17:07:00,11.0,15.3,completed
355,22,30,Tallinn,2024-06-13 23:31:00,2024-06-13 23:48:00,13.84,14.63,completed
356,159,14,Tallinn,2024-06-11 20:49:00,2024-06-11 21:11:00,12.53,13.53,completed
357,49,15,Vilnius,2024-06-17 08:25:00,2024-06-17 08:58:00,1.66,3.66,completed
358,87,24,Vilnius,2024-06-10 18:47:00,2024-06-10 19:32:00,5.77,9.81,completed
359,156,11,Riga,2024-06-27 00:56:00,2024-06-27 01:01:00,2.82,4.47,completed
360,196,36,Tartu,2024-06-12 06:09:00,2024-06-12 06:28:00,14.2,12.44,completed
361,56,12,Vilnius,2024-06-23 12:41:00,2024-06-23 13:08:00,7.91,8.04,completed
362,120,10,Tallinn,2024-06-05 09:18:00,2024-06-05 09:45:00,4.56,8.54,completed
363,24,44,Tallinn,2024-06-24 02:50:00,2024-06-24 03:11:00,10.47,14.74,completed
364,84,19,Tallinn,2024-06-05 01:22:00,2024-06-05 01:38:00,14.99,12.99,completed
365,103,28,Vilnius,2024-06-18 18:39:00,2024-06-18 19:24:00,7.66,7.86,completed
366,105,7,Tallinn,2024-06-15 04:56:00,2024-06-15 05:13:00,6.83,10.92,completed
367,16,9,Riga,2024-06-15 10:48:00,2024-06-15 11:30:00,7.61,11.74,completed
368,109,23,Riga,2024-06-30 06:36:00,2024-06-30 07:25:00,5.13,6.09,completed
369,18,3,Tartu,2024-06-14 14:44:00,2024-06-14 15:16:00,10.98,10.19,completed
370,13,49,Vilnius,2024-06-03 22:13:00,2024-06-03 23:11:00,8.22,8.25,completed
371,46,13,Riga,2024-06-14 23:32:00,2024-06-15 00:14:00,5.72,6.5,completed
372,138,35,Vilnius,2024-06-17 23:52:00,2024-06-17 23:59:00,6.66,7.16,completed
373,24,29,Tallinn,2024-06-22 14:48:00,2024-06-22 15:28:00,1.58,3.61,completed
374,119,28,Riga,2024-06-09 07:10:00,2024-06-09 07:31:00,8.3,16.62,completed
375,181,42,Tallinn,2024-06-05 00:58:00,2024-06-05 01:49:00,12.3,11.11,completed
376,153,33,Vilnius,2024-06-03 19:05:00,2024-06-03 19:16:00,5.87,6.61,completed
377,43,36,Tallinn,2024-06-15 12:56:00,2024-06-15 13:32:00,13.58,14.41,completed
378,200,45,Tallinn,2024-06-18 04:50:00,2024-06-18 05:23:00,4.2,5.44,completed
379,79,23,Riga,2024-06-29 19:15:00,2024-06-29 19:45:00,14.86,12.9,completed
380,178,11,Tartu,2024-06-12 12:56:00,2024-06-12 13:17:00,4.16,5.41,completed
381,26,25,Vilnius,2024-06-22 16:26:00,2024-06-22 17:15:00,4.87,11.82,completed
382,68,47,Tallinn,2024-06-05 20:46:00,2024-06-05 21:18:00,10.0,14.25,cancelled
383,102,24,Vilnius,2024-06-17 15:49:00,2024-06-17 16:40:00,1.85,4.55,completed
384,114,5,Tallinn,2024-06-05 02:59:00,2024-06-05 03:44:00,7.27,7.59,cancelled
385,155,34,Vilnius,2024-06-14 07:27:00,2024-06-14 07:52:00,14.47,15.15,cancelled
386,190,18,Tallinn,2024-06-22 19:53:00,2024-06-22 20:43:00,7.06,7.44,completed
387,93,8,Vilnius,2024-06-09 02:51:00,2024-06-09 03:40:00,1.7,5.54,cancelled
388,77,50,Riga,2024-06-30 12:26:00,2024-06-30 13:01:00,4.39,11.15,completed
389,99,48,Riga,2024-06-22 04:47:00,2024-06-22 05:17:00,8.32,8.32,completed
390,18,19,Tartu,2024-06-27 23:50:00,2024-06-28 00:49:00,4.0,5.3,completed
391,108,29,Vilnius,2024-06-03 12:42:00,2024-06-03 13:20:00,10.78,10.05,cancelled
392,162,8,Tallinn,2024-06-14 14:36:00,2024-06-14 15:22:00,7.68,9.45,completed
393,65,43,Tartu,2024-06-15 23:02:00,2024-06-15 23:23:00,3.28,4.8,completed
394,86,44,Tallinn,2024-06-09 15:04:00,2024-06-09 15:45:00,1.13,3.29,cancelled
395,170,43,Riga,2024-06-18 00:52:00,2024-06-18 01:20:00,12.31,11.12,completed
396,176,27,Riga,2024-06-20 00:53:00,2024-06-20 01:34:00,4.44,5.61,completed
397,173,10,Riga,2024-06-02 22:27:00,2024-06-02 22:40:00,3.15,9.41,cancelled
398,129,32,Tallinn,2024-06-29 20:40:00,2024-06-29 21:13:00,7.74,9.5,completed
399,94,35,Tartu,2024-06-29 03:46:00,2024-06-29 04:39:00,7.22,7.55,completed
400,173,29,Riga,2024-06-08 01:55:00,2024-06-08 02:52:00,6.02,8.06,completed
401,58,26,Tallinn,2024-06-21 21:39:00,2024-06-21 22:35:00,1.39,5.21,completed
402,133,1,Vilnius,2024-06-16 05:04:00,2024-06-16 05:30:00,13.13,11.69,cancelled
403,197,11,Tartu,2024-06-02 23:51:00,2024-06-03 00:46:00,6.99,7.39,completed
404,109,7,Riga,2024-06-17 13:34:00,2024-06-17 14:33:00,14.25,18.71,completed
405,132,23,Tallinn,2024-06-07 07:05:00,2024-06-07 07:29:00,7.97,8.08,completed
406,41,48,Riga,2024-06-20 07:14:00,2024-06-20 08:06:00,12.97,11.58,completed
407,68,15,Tallinn,2024-06-25 11:16:00,2024-06-25 11:21:00,6.73,10.82,completed
408,189,36,Tartu,2024-06-14 21:11:00,2024-06-14 21:39:00,10.17,9.62,completed
409,181,23,Tallinn,2024-06-12 18:44:00,2024-06-12 19:19:00,2.79,5.34,completed
410,188,6,Riga,2024-06-24 17:08:00,2024-06-24 17:22:00,3.81,5.17,completed
411,3,22,Vilnius,2024-06-16 11:58:00,2024-06-16 12:06:00,14.54,12.68,completed
412,169,5,Tartu,2024-06-16 13:32:00,2024-06-16 13:59:00,9.53,13.76,completed
413,112,27,Tallinn,2024-06-12 12:29:00,2024-06-12 13:21:00,13.63,18.06,cancelled
414,22,21,Tallinn,2024-06-18 06:45:00,2024-06-18 07:10:00,3.09,4.66,completed
415,170,10,Riga,2024-06-26 21:46:00,2024-06-26 22:24:00,11.93,10.85,cancelled
416,10,22,Tartu,2024-06-19 20:08:00,2024-06-19 20:29:00,9.42,9.09,completed
417,149,37,Vilnius,2024-06-23 02:45:00,2024-06-23 03:38:00,8.19,8.23,completed
418,127,24,Tallinn,2024-06-15 07:03:00,2024-06-15 07:22:00,11.0,10.2,cancelled
419,151,39,Tallinn,2024-06-24 02:36:00,2024-06-24 02:57:00,1.43,3.5,completed
420,70,6,Vilnius,2024-06-01 22:43:00,2024-06-01 23:39:00,3.2,4.74,completed
421,112,47,Tallinn,2024-06-19 13:32:00,2024-06-19 14:31:00,8.69,8.58,completed
422,100,32,Tallinn,2024-06-24 13:19:00,2024-06-24 13:27:00,6.38,6.97,completed
423,78,33,Tallinn,2024-06-04 07:29:00,2024-06-04 08:28:00,4.29,6.6,completed
424,121,33,Tartu,2024-06-29 09:20:00,2024-06-29 10:04:00,1.72,3.7,completed
425,134,40,Vilnius,2024-06-02 06:55:00,2024-06-02 07:34:00,14.33,12.53,completed
426,89,20,Tallinn,2024-06-12 16:35:00,2024-06-12 17:23:00,5.06,9.06,completed
427,72,7,Tartu,2024-06-29 16:54:00,2024-06-29 17:01:00,12.91,23.07,completed
428,72,33,Tartu,2024-06-01 01:52:00,2024-06-01 02:08:00,5.03,6.02,completed
429,145,6,Vilnius,2024-06-14 13:52:00,2024-06-14 14:01:00,11.26,10.38,completed
430,59,33,Vilnius,2024-06-21 20:13:00,2024-06-21 21:07:00,7.06,8.93,completed
431,194,30,Tartu,2024-06-14 04:30:00,2024-06-14 05:13:00,14.22,14.94,completed
432,79,23,Riga,2024-06-07 18:21:00,2024-06-07 18:48:00,6.86,8.76,completed
433,29,24,Vilnius,2024-06-11 12:46:00,2024-06-11 13:00:00,13.81,12.17,completed
434,17,2,Tartu,2024-06-12 17:41:00,2024-06-12 17:50:00,14.71,12.8,completed
435,169,49,Tartu,2024-06-16 09:52:00,2024-06-16 10:08:00,2.04,4.71,completed
436,35,16,Vilnius,2024-06-27 16:01:00,2024-06-27 16:29:00,10.19,19.27,completed
437,39,27,Vilnius,2024-06-21 09:00:00,2024-06-21 09:51:00,14.32,12.52,completed
438,108,19,Vilnius,2024-06-21 07:47:00,2024-06-21 08:26:00,10.08,9.56,completed
439,67,6,Riga,2024-06-24 23:10:00,2024-06-24 23:41:00,10.46,11.79,completed
440,187,36,Tartu,2024-06-13 23:29:00,2024-06-14 00:02:00,3.44,4.91,completed
441,53,15,Vilnius,2024-06-27 01:25:00,2024-06-27 02:20:00,13.36,11.85,completed
442,98,30,Vilnius,2024-06-29 15:23:00,2024-06-29 15:28:00,1.22,3.35,completed
443,164,19,Tallinn,2024-06-02 08:00:00,2024-06-02 08:14:00,6.59,10.67,completed
444,32,6,Tallinn,2024-06-06 19:27:00,2024-06-06 20:09:00,2.43,4.2,completed
445,163,21,Riga,2024-06-21 03:58:00,2024-06-21 04:17:00,12.44,11.21,completed
446,147,28,Tartu,2024-06-03 20:58:00,2024-06-03 21:43:00,4.39,6.69,completed
447,113,23,Vilnius,2024-06-01 18:54:00,2024-06-01 19:30:00,13.76,12.13,completed
448,110,5,Tartu,2024-06-04 11:59:00,2024-06-04 12:37:00,1.88,3.82,completed
449,58,33,Tallinn,2024-06-15 10:50:00,2024-06-15 11:10:00,2.14,8.0,completed
450,38,19,Vilnius,2024-06-04 16:03:00,2024-06-04 16:20:00,12.01,10.91,completed
451,120,27,Tallinn,2024-06-22 03:51:00,2024-06-22 04:46:00,11.79,10.75,completed
452,107,25,Vilnius,2024-06-12 13:58:00,2024-06-12 14:51:00,13.11,17.52,completed
453,82,21,Tallinn,2024-06-25 17:05:00,2024-06-25 17:52:00,9.93,14.18,completed
454,114,43,Tallinn,2024-06-04 22:28:00,2024-06-04 22:47:00,1.9,5.74,completed
455,139,13,Tallinn,2024-06-17 04:19:00,2024-06-17 04:45:00,8.04,8.13,completed
456,68,28,Tallinn,2024-06-03 06:38:00,2024-06-03 06:43:00,11.7,10.69,completed
457,129,38,Tallinn,2024-06-23 01:41:00,2024-06-23 02:06:00,3.25,4.78,completed
458,21,50,Vilnius,2024-06-22 15:34:00,2024-06-22 15:41:00,12.4,13.42,completed
459,69,1,Tartu,2024-06-23 21:23:00,2024-06-23 21:39:00,4.5,5.65,completed
460,21,24,Vilnius,2024-06-05 08:56:00,2024-06-05 09:45:00,5.31,9.33,cancelled
461,36,46,Riga,2024-06-28 00:09:00,2024-06-28 01:02:00,8.08,12.23,completed
462,61,9,Tartu,2024-06-13 02:13:00,2024-06-13 03:08:00,12.6,11.32,completed
463,5,42,Tartu,2024-06-23 19:34:00,2024-06-23 19:55:00,5.83,6.58,completed
464,127,22,Tallinn,2024-06-20 08:46:00,2024-06-20 09:27:00,6.76,8.68,completed
465,112,23,Tallinn,2024-06-04 20:00:00,2024-06-04 20:59:00,1.03,3.87,completed
466,18,30,Tartu,2024-06-04 07:17:00,2024-06-04 08:15:00,2.17,4.02,completed
467,170,14,Riga,2024-06-15 15:53:00,2024-06-15 16:07:00,9.88,9.42,completed
468,28,11,Vilnius,2024-06-19 15:09:00,2024-06-19 15:52:00,1.81,3.77,completed
469,143,28,Riga,2024-06-27 15:56:00,2024-06-27 16:09:00,6.82,7.27,completed
470,74,40,Tartu,2024-06-27 07:05:00,2024-06-27 07:10:00,3.85,5.2,completed
471,129,34,Tallinn,2024-06-03 21:48:00,2024-06-03 22:40:00,14.23,14.95,completed
472,61,29,Tartu,2024-06-26 19:18:00,2024-06-26 19:46:00,10.69,9.98,completed
473,49,3,Vilnius,2024-06-04 13:26:00,2024-06-04 14:19:00,14.32,15.03,completed
474,171,25,Tartu,2024-06-23 07:30:00,2024-06-23 07:49:00,13.4,11.88,completed
475,144,25,Vilnius,2024-06-26 11:01:00,2024-06-26 11:33:00,10.76,12.04,completed
476,86,16,Tallinn,2024-06-19 18:48:00,2024-06-19 19:43:00,2.78,4.45,completed
477,157,19,Tallinn,2024-06-27 06:25:00,2024-06-27 07:10:00,13.36,11.85,completed
478,30,40,Riga,2024-06-17 02:25:00,2024-06-17 03:20:00,4.93,5.95,completed
479,6,12,Tartu,2024-06-20 00:14:00,2024-06-20 00:58:00,14.55,12.68,completed
480,173,18,Riga,2024-06-05 11:56:00,2024-06-05 12:45:00,14.85,12.9,cancelled
481,67,19,Riga,2024-06-06 19:57:00,2024-06-06 20:41:00,1.96,3.87,completed
482,116,11,Tallinn,2024-06-20 06:49:00,2024-06-20 07:24:00,10.92,10.14,completed
483,62,49,Tartu,2024-06-11 04:43:00,2024-06-11 05:18:00,12.26,13.3,completed
484,153,36,Vilnius,2024-06-16 00:39:00,2024-06-16 00:52:00,9.17,10.7,completed
485,39,32,Vilnius,2024-06-09 00:57:00,2024-06-09 01:53:00,2.96,5.49,completed
486,29,7,Vilnius,2024-06-25 22:51:00,2024-06-25 23:04:00,5.86,6.6,completed
487,144,23,Vilnius,2024-06-13 01:34:00,2024-06-13 01:41:00,7.06,8.93,completed
488,62,42,Tartu,2024-06-14 09:15:00,2024-06-14 10:01:00,6.81,8.72,completed
489,104,40,Tartu,2024-06-28 21:32:00,2024-06-28 21:38:00,6.95,11.05,completed
490,80,17,Vilnius,2024-06-14 03:45:00,2024-06-14 04:39:00,6.36,10.43,completed
491,113,38,Vilnius,2024-06-08 11:04:00,2024-06-08 11:55:00,9.91,11.32,completed
492,173,32,Riga,2024-06-26 16:59:00,2024-06-26 17:24:00,10.72,10.0,completed
493,22,10,Tallinn,2024-06-24 14:38:00,2024-06-24 14:46:00,7.46,15.44,completed
494,101,20,Riga,2024-06-01 03:23:00,2024-06-01 04:00:00,7.05,7.44,completed
495,70,21,Vilnius,2024-06-18 11:43:00,2024-06-18 12:22:00,12.54,13.53,completed
496,176,6,Riga,2024-06-02 11:03:00,2024-06-02 11:53:00,13.43,11.9,cancelled
497,104,13,Tartu,2024-06-21 01:41:00,2024-06-21 02:03:00,12.83,11.48,completed
498,38,48,Vilnius,2024-06-22 08:26:00,2024-06-22 08:50:00,13.64,18.07,completed
499,61,10,Tartu,2024-06-26 20:28:00,2024-06-26 20:59:00,4.38,5.57,completed
500,113,35,Vilnius,2024-06-08 10:18:00,2024-06-08 10:43:00,11.97,10.88,completed
501,48,35,Tallinn,2024-06-23 20:53:00,2024-06-23 21:28:00,11.7,12.83,completed
502,160,15,Riga,2024-06-26 10:07:00,2024-06-26 10:54:00,1.07,4.87,completed
503,125,10,Vilnius,2024-06-08 11:36:00,2024-06-08 11:44:00,14.87,15.49,completed
504,74,43,Tartu,2024-06-27 12:03:00,2024-06-27 12:55:00,9.36,13.58,cancelled
505,183,28,Tartu,2024-06-03 06:22:00,2024-06-03 06:31:00,14.94,25.92,completed
506,113,42,Vilnius,2024-06-17 19:49:00,2024-06-17 20:18:00,8.06,12.21,completed
507,155,18,Vilnius,2024-06-05 21:11:00,2024-06-05 21:38:00,13.95,14.72,completed
508,59,25,Vilnius,2024-06-10 05:28:00,2024-06-10 06:26:00,4.85,5.9,completed
509,4,1,Tallinn,2024-06-13 13:02:00,2024-06-13 13:46:00,10.87,10.11,completed
510,93,46,Vilnius,2024-06-15 16:13:00,2024-06-15 17:07:00,1.27,4.07,completed
511,43,15,Tallinn,2024-06-15 18:19:00,2024-06-15 19:03:00,12.24,22.14,completed
512,184,26,Vilnius,2024-06-04 14:53:00,2024-06-04 15:10:00,3.15,4.7,completed
513,36,26,Riga,2024-06-30 13:30:00,2024-06-30 13:42:00,2.33,4.13,completed
514,29,40,Vilnius,2024-06-17 07:53:00,2024-06-17 08:27:00,13.82,14.61,completed
515,174,43,Riga,2024-06-14 03:50:00,2024-06-14 04:10:00,13.08,17.48,completed
516,181,23,Tallinn,2024-06-16 16:55:00,2024-06-16 17:08:00,14.96,12.97,completed
517,119,8,Riga,2024-06-24 14:38:00,2024-06-24 15:13:00,11.86,10.8,completed
518,53,12,Vilnius,2024-06-10 04:32:00,2024-06-10 04:53:00,12.94,17.34,completed
519,11,34,Tartu,2024-06-16 14:09:00,2024-06-16 14:20:00,3.95,5.26,completed
520,102,24,Vilnius,2024-06-22 23:27:00,2024-06-23 00:23:00,7.14,7.5,cancelled
521,40,8,Tartu,2024-06-26 18:19:00,2024-06-26 18:46:00,12.18,11.03,completed
522,94,10,Tartu,2024-06-26 15:02:00,2024-06-26 15:34:00,5.97,8.01,completed
523,101,26,Riga,2024-06-08 21:09:00,2024-06-08 21:17:00,3.06,4.64,completed
524,127,23,Tallinn,2024-06-17 14:46:00,2024-06-17 15:01:00,8.89,13.08,completed
525,10,40,Tartu,2024-06-14 14:23:00,2024-06-14 15:13:00,5.36,6.25,completed
526,87,17,Vilnius,2024-06-14 13:20:00,2024-06-14 14:19:00,14.78,12.85,completed
527,181,34,Tallinn,2024-06-20 00:53:00,2024-06-20 01:10:00,5.86,6.6,cancelled
528,145,15,Vilnius,2024-06-07 14:06:00,2024-06-07 14:25:00,8.53,12.71,cancelled
529,137,40,Riga,2024-06-22 18:59:00,2024-06-22 19:29:00,3.73,5.11,completed
530,191,12,Vilnius,2024-06-13 05:38:00,2024-06-13 05:49:00,2.64,5.22,completed
531,39,4,Vilnius,2024-06-23 21:14:00,2024-06-23 21:43:00,8.19,12.35,completed
532,134,19,Vilnius,2024-06-10 15:40:00,2024-06-10 16:10:00,13.17,11.72,cancelled
533,72,25,Tartu,2024-06-02 04:15:00,2024-06-02 04:57:00,2.84,6.73,completed
534,195,28,Riga,2024-06-21 18:52:00,2024-06-21 19:50:00,12.56,11.29,cancelled
535,200,8,Tallinn,2024-06-18 22:05:00,2024-06-18 22:41:00,12.17,11.02,completed
536,177,31,Riga,2024-06-09 09:40:00,2024-06-09 10:36:00,10.42,9.79,completed
537,84,39,Tallinn,2024-06-15 11:42:00,2024-06-15 12:08:00,11.52,12.68,completed
538,177,20,Riga,2024-06-14 03:31:00,2024-06-14 03:48:00,4.25,5.48,completed
539,17,24,Tartu,2024-06-03 04:09:00,2024-06-03 04:21:00,13.89,12.22,completed
540,8,26,Riga,2024-06-01 18:54:00,2024-06-01 19:11:00,7.55,7.78,completed
541,16,2,Riga,2024-06-08 15:17:00,2024-06-08 15:39:00,8.18,9.87,cancelled
542,94,18,Tartu,2024-06-25 17:16:00,2024-06-25 18:03:00,1.43,3.5,completed
543,168,19,Riga,2024-06-05 16:51:00,2024-06-05 17:10:00,13.75,12.12,completed
544,128,30,Tartu,2024-06-02 06:48:00,2024-06-02 07:44:00,14.0,24.6,completed
545,75,34,Tartu,2024-06-03 15:11:00,2024-06-03 15:24:00,5.7,6.49,completed
546,185,8,Tallinn,2024-06-13 13:14:00,2024-06-13 13:30:00,6.32,10.39,completed
547,139,39,Tallinn,2024-06-16 20:00:00,2024-06-16 20:37:00,4.32,6.63,completed
548,151,6,Tallinn,2024-06-10 04:33:00,2024-06-10 05:15:00,1.27,5.08,completed
549,177,35,Riga,2024-06-10 12:02:00,2024-06-10 12:17:00,5.1,6.07,completed
550,104,19,Tartu,2024-06-30 01:10:00,2024-06-30 01:42:00,9.36,10.86,completed
551,28,2,Vilnius,2024-06-07 18:45:00,2024-06-07 19:44:00,9.39,9.07,completed
552,177,43,Riga,2024-06-09 06:59:00,2024-06-09 07:16:00,1.14,3.96,completed
553,188,46,Riga,2024-06-05 07:46:00,2024-06-05 08:25:00,2.99,4.59,completed
554,170,18,Riga,2024-06-23 14:31:00,2024-06-23 15:08:00,14.1,12.37,completed
555,132,38,Tallinn,2024-06-12 12:07:00,2024-06-12 12:23:00,4.82,5.87,completed
556,34,3,Vilnius,2024-06-01 21:13:00,2024-06-01 21:41:00,7.59,9.38,completed
557,192,40,Tartu,2024-06-23 04:34:00,2024-06-23 04:41:00,5.12,6.08,cancelled
558,113,15,Vilnius,2024-06-13 04:50:00,2024-06-13 05:06:00,13.11,11.68,completed
559,95,50,Tallinn,2024-06-28 14:43:00,2024-06-28 14:59:00,13.73,12.11,completed
560,129,25,Tallinn,2024-06-19 04:17:00,2024-06-19 04:51:00,14.16,14.89,completed
561,116,22,Tallinn,2024-06-10 13:40:00,2024-06-10 14:17:00,2.64,5.22,cancelled
562,110,15,Tartu,2024-06-18 23:41:00,2024-06-19 00:10:00,3.3,4.81,completed
563,113,43,Vilnius,2024-06-28 19:27:00,2024-06-28 20:15:00,11.26,12.46,cancelled
564,104,23,Tartu,2024-06-30 19:46:00,2024-06-30 20:30:00,6.59,7.11,completed
565,61,5,Tartu,2024-06-24 22:44:00,2024-06-24 23:43:00,6.06,6.74,completed
566,197,9,Tartu,2024-06-22 00:26:00,2024-06-22 01:18:00,11.97,13.05,completed
567,11,28,Tartu,2024-06-28 02:19:00,2024-06-28 02:35:00,13.22,14.1,completed
568,192,28,Tartu,2024-06-03 18:01:00,2024-06-03 18:35:00,4.64,11.5,completed
569,162,31,Tallinn,2024-06-02 02:27:00,2024-06-02 02:56:00,10.69,9.98,completed
570,111,1,Vilnius,2024-06-15 02:08:00,2024-06-15 02:54:00,6.03,10.08,completed
571,166,35,Tartu,2024-06-13 18:52:00,2024-06-13 19:12:00,6.08,10.13,completed
572,90,13,Tallinn,2024-06-07 03:28:00,2024-06-07 04:10:00,7.53,7.77,completed
573,110,14,Tartu,2024-06-30 07:42:00,2024-06-30 07:54:00,12.32,16.69,completed
574,159,35,Tallinn,2024-06-07 10:35:00,2024-06-07 10:45:00,10.51,9.86,completed
575,162,26,Tallinn,2024-06-17 22:06:00,2024-06-17 22:15:00,5.37,6.26,completed
576,146,4,Riga,2024-06-28 13:36:00,2024-06-28 13:54:00,12.83,11.48,completed
577,143,19,Riga,2024-06-17 16:42:00,2024-06-17 17:33:00,10.26,9.68,completed
578,100,35,Tallinn,2024-06-29 09:03:00,2024-06-29 09:55:00,1.66,3.66,completed
579,71,43,Tallinn,2024-06-27 08:32:00,2024-06-27 09:11:00,5.97,6.68,completed
580,142,37,Tartu,2024-06-28 15:11:00,2024-06-28 15:30:00,6.53,7.07,completed
581,144,4,Vilnius,2024-06-26 21:32:00,2024-06-26 22:02:00,3.35,7.27,completed
582,136,24,Tallinn,2024-06-03 16:14:00,2024-06-03 17:01:00,4.67,5.77,completed
583,71,44,Tallinn,2024-06-25 10:26:00,2024-06-25 11:09:00,9.9,11.32,completed
584,146,50,Riga,2024-06-27 10:44:00,2024-06-27 11:41:00,7.0,8.88,completed
585,173,23,Riga,2024-06-08 08:29:00,2024-06-08 08:39:00,14.2,12.44,completed
586,93,23,Vilnius,2024-06-13 19:17:00,2024-06-13 19:53:00,7.07,7.45,completed
587,6,48,Tartu,2024-06-05 12:39:00,2024-06-05 12:46:00,12.6,13.58,completed
588,191,4,Vilnius,2024-06-24 07:36:00,2024-06-24 07:59:00,5.84,7.91,completed
589,22,1,Tallinn,2024-06-15 04:35:00,2024-06-15 05:01:00,11.97,10.88,cancelled
590,3,9,Vilnius,2024-06-02 11:23:00,2024-06-02 11:50:00,7.44,7.71,completed
591,73,23,Tartu,2024-06-10 00:41:00,2024-06-10 01:04:00,13.42,11.89,completed
592,30,25,Riga,2024-06-25 19:39:00,2024-06-25 20:17:00,3.39,4.87,completed
593,58,30,Tallinn,2024-06-05 17:02:00,2024-06-05 17:47:00,1.73,3.71,completed
594,10,35,Tartu,2024-06-27 15:06:00,2024-06-27 15:21:00,12.62,17.0,completed
595,192,2,Tartu,2024-06-18 17:53:00,2024-06-18 18:51:00,3.99,5.29,completed
596,187,26,Tartu,2024-06-28 11:27:00,2024-06-28 11:37:00,11.94,10.86,completed
597,42,12,Vilnius,2024-06-23 12:43:00,2024-06-23 13:00:00,8.93,8.75,completed
598,155,27,Vilnius,2024-06-04 06:06:00,2024-06-04 06:18:00,13.66,12.06,completed
599,124,12,Tartu,2024-06-12 11:24:00,2024-06-12 12:11:00,12.28,11.1,completed
600,8,5,Riga,2024-06-27 02:23:00,2024-06-27 03:03:00,7.3,7.61,completed
601,158,23,Vilnius,2024-06-16 22:07:00,2024-06-16 22:25:00,11.53,10.57,completed
602,37,29,Vilnius,2024-06-15 08:34:00,2024-06-15 08:53:00,6.52,7.06,completed
603,106,21,Riga,2024-06-16 18:12:00,2024-06-16 18:43:00,13.75,12.12,completed
604,63,36,Tallinn,2024-06-03 18:09:00,2024-06-03 18:35:00,2.76,4.43,completed
605,30,45,Riga,2024-06-25 00:18:00,2024-06-25 00:45:00,12.24,11.07,cancelled
606,100,22,Tallinn,2024-06-01 11:31:00,2024-06-01 12:27:00,5.37,6.26,completed
607,38,6,Vilnius,2024-06-16 19:26:00,2024-06-16 19:45:00,12.56,13.55,completed
608,82,5,Tallinn,2024-06-18 16:51:00,2024-06-18 17:18:00,11.33,10.43,completed
609,44,34,Tallinn,2024-06-22 17:48:00,2024-06-22 18:34:00,7.22,7.55,completed
610,159,35,Tallinn,2024-06-08 10:00:00,2024-06-08 10:25:00,13.13,11.69,completed
611,66,10,Riga,2024-06-25 09:31:00,2024-06-25 09:59:00,8.9,13.1,completed
612,159,43,Tallinn,2024-06-23 02:31:00,2024-06-23 02:36:00,2.81,4.47,completed
613,111,50,Vilnius,2024-06-25 14:22:00,2024-06-25 14:43:00,13.46,23.84,completed
614,181,42,Tallinn,2024-06-17 03:18:00,2024-06-17 03:24:00,9.43,9.1,completed
615,40,50,Tartu,2024-06-06 04:58:00,2024-06-06 05:47:00,2.89,4.52,completed
616,182,2,Tartu,2024-06-17 22:08:00,2024-06-17 22:28:00,1.08,3.26,completed
617,28,25,Vilnius,2024-06-04 09:13:00,2024-06-04 09:59:00,4.27,6.59,completed
618,42,47,Vilnius,2024-06-21 04:52:00,2024-06-21 05:50:00,2.83,5.38,completed
619,107,27,Vilnius,2024-06-16 07:36:00,2024-06-16 07:56:00,5.78,6.55,cancelled
620,168,9,Riga,2024-06-15 15:07:00,2024-06-15 15:37:00,1.19,3.33,completed
621,20,39,Tartu,2024-06-15 14:57:00,2024-06-15 15:02:00,10.42,11.75,completed
622,130,31,Riga,2024-06-04 14:37:00,2024-06-04 14:43:00,1.71,5.55,completed
623,125,39,Vilnius,2024-06-12 13:43:00,2024-06-12 14:08:00,1.97,3.88,completed
624,142,34,Tartu,2024-06-04 15:27:00,2024-06-04 15:43:00,3.11,7.02,cancelled
625,22,14,Tallinn,2024-06-08 16:47:00,2024-06-08 17:27:00,9.48,9.14,completed
626,148,18,Riga,2024-06-11 03:49:00,2024-06-11 03:56:00,4.55,6.82,completed
627,197,4,Tartu,2024-06-08 13:40:00,2024-06-08 14:24:00,2.79,4.45,completed
628,140,16,Riga,2024-06-05 23:08:00,2024-06-05 23:35:00,8.79,8.65,completed
629,44,17,Tallinn,2024-06-18 12:56:00,2024-06-18 13:54:00,13.86,14.64,completed
630,116,23,Tallinn,2024-06-16 13:14:00,2024-06-16 13:32:00,2.66,4.36,completed
631,17,28,Tartu,2024-06-27 09:17:00,2024-06-27 10:15:00,2.29,6.15,completed
632,35,5,Vilnius,2024-06-12 14:29:00,2024-06-12 14:58:00,6.38,8.36,cancelled
633,89,8,Tallinn,2024-06-30 07:50:00,2024-06-30 07:55:00,5.41,6.29,completed
634,54,24,Tartu,2024-06-03 19:22:00,2024-06-03 19:55:00,2.23,4.06,completed
635,195,1,Riga,2024-06-15 03:10:00,2024-06-15 04:07:00,5.28,6.2,completed
636,70,8,Vilnius,2024-06-25 04:44:00,2024-06-25 05:36:00,2.86,5.4,completed
637,108,12,Vilnius,2024-06-13 12:28:00,2024-06-13 12:52:00,11.55,15.88,completed
638,102,27,Vilnius,2024-06-05 17:48:00,2024-06-05 18:35:00,3.61,5.03,completed
639,52,47,Tallinn,2024-06-30 19:32:00,2024-06-30 20:21:00,12.9,11.53,completed
640,42,26,Vilnius,2024-06-17 01:54:00,2024-06-17 02:24:00,5.17,6.12,completed
641,184,19,Vilnius,2024-06-14 07:43:00,2024-06-14 08:26:00,14.66,12.76,completed
642,11,26,Tartu,2024-06-12 00:42:00,2024-06-12 01:24:00,8.32,8.32,completed
643,116,38,Tallinn,2024-06-18 00:09:00,2024-06-18 00:41:00,13.57,18.0,completed
644,118,47,Tallinn,2024-06-01 06:15:00,2024-06-01 06:26:00,9.97,9.48,completed
645,154,38,Tallinn,2024-06-22 05:33:00,2024-06-22 05:49:00,6.02,10.07,completed
646,88,16,Vilnius,2024-06-18 23:08:00,2024-06-18 23:37:00,12.66,11.36,cancelled
647,4,11,Tallinn,2024-06-27 15:27:00,2024-06-27 16:20:00,10.47,9.83,completed
648,173,23,Riga,2024-06-14 20:33:00,2024-06-14 21:05:00,9.12,8.88,completed
649,29,19,Vilnius,2024-06-05 20:48:00,2024-06-05 21:28:00,3.32,4.82,completed
650,195,16,Riga,2024-06-13 14:37:00,2024-06-13 15:11:00,14.17,18.63,completed
651,179,38,Riga,2024-06-19 22:01:00,2024-06-19 22:52:00,9.63,9.24,completed
652,64,23,Riga,2024-06-26 05:58:00,2024-06-26 06:24:00,2.89,4.52,completed
653,185,7,Tallinn,2024-06-16 06:39:00,2024-06-16 07:33:00,6.62,7.13,completed
654,181,34,Tallinn,2024-06-02 01:39:00,2024-06-02 02:00:00,9.68,11.13,completed
655,71,30,Tallinn,2024-06-22 11:08:00,2024-06-22 11:47:00,2.63,4.34,completed
656,123,43,Tallinn,2024-06-27 12:10:00,2024-06-27 12:46:00,13.71,12.1,completed
657,16,35,Riga,2024-06-07 01:50:00,2024-06-07 02:25:00,9.34,9.04,cancelled
658,176,39,Riga,2024-06-12 00:08:00,2024-06-12 00:16:00,3.81,5.17,completed
659,12,30,Tallinn,2024-06-22 04:19:00,2024-06-22 04:41:00,5.3,6.21,completed
660,127,26,Tallinn,2024-06-25 14:14:00,2024-06-25 14:44:00,3.48,5.92,completed
661,86,19,Tallinn,2024-06-07 11:16:00,2024-06-07 11:38:00,9.13,13.34,completed
662,33,10,Vilnius,2024-06-19 03:23:00,2024-06-19 04:21:00,9.65,9.25,completed
663,76,29,Tartu,2024-06-01 19:44:00,2024-06-01 20:31:00,2.85,4.5,completed
664,117,44,Riga,2024-06-18 06:09:00,2024-06-18 06:16:00,3.65,5.06,completed
665,186,33,Tallinn,2024-06-23 16:58:00,2024-06-23 17:33:00,12.49,16.86,completed
666,113,34,Vilnius,2024-06-28 10:36:00,2024-06-28 11:04:00,8.77,12.96,completed
667,25,21,Tallinn,2024-06-07 19:02:00,2024-06-07 19:22:00,13.13,11.69,completed
668,179,49,Riga,2024-06-30 02:33:00,2024-06-30 03:22:00,12.47,16.84,completed
669,53,32,Vilnius,2024-06-09 03:06:00,2024-06-09 03:20:00,8.6,8.52,completed
670,123,47,Tallinn,2024-06-04 19:46:00,2024-06-04 20:09:00,11.39,10.47,completed
671,140,47,Riga,2024-06-26 02:13:00,2024-06-26 02:30:00,14.33,18.8,completed
672,122,20,Tallinn,2024-06-26 17:18:00,2024-06-26 17:26:00,1.1,3.27,completed
673,16,13,Riga,2024-06-05 11:57:00,2024-06-05 12:14:00,2.59,6.47,completed
674,169,22,Tartu,2024-06-10 22:28:00,2024-06-10 23:16:00,1.64,5.47,completed
675,184,49,Vilnius,2024-06-26 13:44:00,2024-06-26 14:38:00,3.38,4.87,completed
676,112,14,Tallinn,2024-06-03 00:56:00,2024-06-03 01:23:00,14.85,15.47,cancelled
677,18,13,Tartu,2024-06-19 22:41:00,2024-06-19 23:13:00,9.99,9.49,completed
678,68,46,Tallinn,2024-06-15 21:53:00,2024-06-15 22:45:00,14.39,12.57,completed
679,176,39,Riga,2024-06-14 05:17:00,2024-06-14 06:06:00,4.32,5.52,completed
680,111,18,Vilnius,2024-06-30 04:49:00,2024-06-30 05:03:00,8.66,8.56,cancelled
681,114,47,Tallinn,2024-06-24 23:52:00,2024-06-25 00:51:00,11.95,21.73,completed
682,14,45,Tartu,2024-06-07 16:43:00,2024-06-07 17:11:00,6.59,7.11,cancelled
683,151,19,Tallinn,2024-06-30 17:53:00,2024-06-30 18:09:00,11.23,10.36,completed
684,147,28,Tartu,2024-06-04 16:16:00,2024-06-04 16:57:00,10.69,9.98,completed
685,80,38,Vilnius,2024-06-12 02:37:00,2024-06-12 03:04:00,8.96,8.77,completed
686,163,45,Riga,2024-06-03 00:07:00,2024-06-03 00:55:00,11.22,10.35,completed
687,85,25,Riga,2024-06-08 03:44:00,2024-06-08 03:54:00,5.98,8.02,completed
688,151,32,Tallinn,2024-06-24 13:49:00,2024-06-24 14:06:00,9.31,9.02,completed
689,57,39,Tallinn,2024-06-15 20:38:00,2024-06-15 21:09:00,8.98,8.79,completed
690,168,42,Riga,2024-06-16 00:38:00,2024-06-16 01:32:00,1.61,4.35,completed
691,109,31,Riga,2024-06-02 19:00:00,2024-06-02 19:30:00,8.18,8.23,completed
692,148,37,Riga,2024-06-09 08:21:00,2024-06-09 09:18:00,1.85,4.55,completed
693,58,50,Tallinn,2024-06-06 21:28:00,2024-06-06 21:38:00,13.71,12.1,completed
694,75,14,Tartu,2024-06-03 00:01:00,2024-06-03 00:45:00,2.8,4.46,completed
695,19,18,Riga,2024-06-30 07:44:00,2024-06-30 08:40:00,6.7,7.19,completed
696,153,45,Vilnius,2024-06-04 04:43:00,2024-06-04 05:30:00,9.23,8.96,completed
697,151,19,Tallinn,2024-06-06 02:29:00,2024-06-06 03:24:00,4.58,5.71,completed
698,80,44,Vilnius,2024-06-02 00:22:00,2024-06-02 00:44:00,5.29,6.2,completed
699,122,6,Tallinn,2024-06-10 20:15:00,2024-06-10 21:00:00,2.14,4.0,completed
700,30,18,Riga,2024-06-15 21:15:00,2024-06-15 21:43:00,6.6,10.68,completed
701,191,40,Vilnius,2024-06-23 09:44:00,2024-06-23 10:33:00,12.18,16.54,completed
702,99,5,Riga,2024-06-22 12:06:00,2024-06-22 12:15:00,8.9,10.48,completed
703,13,4,Vilnius,2024-06-04 11:53:00,2024-06-04 12:42:00,11.08,10.26,completed
704,191,46,Vilnius,2024-06-11 11:43:00,2024-06-11 11:56:00,2.93,4.55,cancelled
705,42,13,Vilnius,2024-06-09 23:40:00,2024-06-09 23:56:00,5.99,10.04,completed
706,199,2,Tallinn,2024-06-23 14:47:00,2024-06-23 15:14:00,9.69,13.92,completed
707,157,14,Tallinn,2024-06-01 02:58:00,2024-06-01 03:07:00,11.72,12.84,cancelled
708,183,17,Tartu,2024-06-26 22:36:00,2024-06-26 22:42:00,14.51,12.66,completed
709,119,6,Riga,2024-06-09 07:30:00,2024-06-09 08:09:00,6.98,8.86,completed
710,59,19,Vilnius,2024-06-01 14:53:00,2024-06-01 15:44:00,13.9,18.34,completed
711,15,25,Vilnius,2024-06-02 01:15:00,2024-06-02 02:14:00,11.71,10.7,completed
712,100,7,Tallinn,2024-06-22 15:46:00,2024-06-22 16:39:00,1.87,3.81,completed
713,72,18,Tartu,2024-06-07 21:47:00,2024-06-07 22:07:00,12.32,16.69,completed
714,7,27,Tallinn,2024-06-12 00:41:00,2024-06-12 01:19:00,4.83,8.82,completed
715,134,29,Vilnius,2024-06-14 14:21:00,2024-06-14 14:50:00,1.75,4.47,completed
716,127,34,Tallinn,2024-06-30 08:27:00,2024-06-30 08:34:00,3.48,4.94,completed
717,176,21,Riga,2024-06-15 14:45:00,2024-06-15 15:28:00,11.53,15.86,cancelled
718,59,7,Vilnius,2024-06-11 14:00:00,2024-06-11 14:49:00,10.87,12.13,completed
719,196,35,Tartu,2024-06-15 00:53:00,2024-06-15 01:42:00,1.75,4.47,completed
720,199,44,Tallinn,2024-06-03 04:38:00,2024-06-03 05:23:00,12.49,13.49,completed
721,63,36,Tallinn,2024-06-25 07:00:00,2024-06-25 07:45:00,5.31,6.22,completed
722,48,32,Tallinn,2024-06-28 00:34:00,2024-06-28 01:30:00,14.07,12.35,completed
723,112,31,Tallinn,2024-06-22 04:00:00,2024-06-22 04:28:00,2.95,5.48,completed
724,79,15,Riga,2024-06-19 04:21:00,2024-06-19 04:52:00,10.51,11.83,completed
725,131,47,Riga,2024-06-15 21:32:00,2024-06-15 22:17:00,2.85,8.99,completed
726,116,49,Tallinn,2024-06-17 04:28:00,2024-06-17 04:33:00,1.79,3.75,completed
727,93,34,Vilnius,2024-06-30 05:05:00,2024-06-30 06:03:00,7.48,7.74,completed
728,153,38,Vilnius,2024-06-13 19:25:00,2024-06-13 19:37:00,6.55,7.08,completed
729,89,30,Tallinn,2024-06-26 20:03:00,2024-06-26 20:28:00,6.75,10.84,completed
730,50,49,Riga,2024-06-07 08:10:00,2024-06-07 08:31:00,4.88,5.92,cancelled
731,167,34,Tartu,2024-06-30 01:01:00,2024-06-30 01:11:00,5.36,9.38,completed
732,192,16,Tartu,2024-06-20 07:32:00,2024-06-20 08:16:00,7.7,11.84,completed
733,107,36,Vilnius,2024-06-28 23:17:00,2024-06-28 23:43:00,11.39,10.47,completed
734,110,33,Tartu,2024-06-19 17:10:00,2024-06-19 17:15:00,4.25,6.57,completed
735,125,18,Vilnius,2024-06-17 13:14:00,2024-06-17 14:01:00,11.42,12.59,completed
736,183,36,Tartu,2024-06-29 05:15:00,2024-06-29 05:25:00,2.51,4.26,completed
737,56,49,Vilnius,2024-06-09 03:03:00,2024-06-09 03:25:00,7.33,9.16,completed
738,189,42,Tartu,2024-06-17 02:25:00,2024-06-17 02:52:00,10.4,9.78,completed
739,196,3,Tartu,2024-06-25 05:26:00,2024-06-25 05:48:00,14.82,15.45,completed
740,193,4,Tallinn,2024-06-28 08:45:00,2024-06-28 09:38:00,13.01,11.61,completed
741,78,9,Tallinn,2024-06-27 20:10:00,2024-06-27 21:01:00,6.65,7.16,completed
742,128,20,Tartu,2024-06-27 23:51:00,2024-06-28 00:22:00,1.01,3.21,completed
743,24,47,Tallinn,2024-06-18 02:58:00,2024-06-18 03:24:00,8.78,8.65,completed
744,30,29,Riga,2024-06-14 21:09:00,2024-06-14 21:24:00,13.67,12.07,completed
745,98,1,Vilnius,2024-06-10 14:54:00,2024-06-10 15:28:00,1.84,3.79,completed
746,142,23,Tartu,2024-06-01 20:30:00,2024-06-01 21:20:00,13.82,14.61,completed
747,57,44,Tallinn,2024-06-19 02:41:00,2024-06-19 03:20:00,11.65,10.66,completed
748,198,37,Tallinn,2024-06-05 11:44:00,2024-06-05 12:39:00,7.67,9.44,completed
749,123,40,Tallinn,2024-06-17 00:25:00,2024-06-17 00:45:00,2.62,6.5,completed
750,17,23,Tartu,2024-06-14 18:46:00,2024-06-14 19:34:00,9.48,9.14,completed
751,196,14,Tartu,2024-06-10 06:07:00,2024-06-10 06:18:00,9.29,10.8,completed
752,81,37,Tartu,2024-06-08 13:31:00,2024-06-08 13:41:00,10.17,9.62,completed
753,58,6,Tallinn,2024-06-22 11:30:00,2024-06-22 11:52:00,4.09,5.36,cancelled
754,135,15,Tallinn,2024-06-13 02:51:00,2024-06-13 03:22:00,5.93,6.65,completed
755,192,27,Tartu,2024-06-25 22:28:00,2024-06-25 22:34:00,11.69,10.68,cancelled
756,119,16,Riga,2024-06-29 09:00:00,2024-06-29 09:30:00,11.75,12.87,completed
757,97,41,Vilnius,2024-06-17 01:10:00,2024-06-17 01:17:00,12.56,13.55,cancelled
758,105,1,Tallinn,2024-06-14 21:48:00,2024-06-14 22:06:00,10.4,14.67,completed
759,90,34,Tallinn,2024-06-22 03:15:00,2024-06-22 03:40:00,6.35,6.94,completed
760,191,47,Vilnius,2024-06-05 00:41:00,2024-06-05 01:36:00,10.0,11.4,completed
761,15,27,Vilnius,2024-06-12 13:47:00,2024-06-12 14:08:00,3.7,5.09,completed
762,127,36,Tallinn,2024-06-16 17:21:00,2024-06-16 17:32:00,6.78,7.25,completed
763,191,26,Vilnius,2024-06-01 16:32:00,2024-06-01 16:47:00,1.78,4.5,completed
764,166,41,Tartu,2024-06-12 14:47:00,2024-06-12 15:31:00,3.9,5.23,completed
765,57,2,Tallinn,2024-06-27 13:19:00,2024-06-27 13:47:00,5.31,9.33,completed
766,112,30,Tallinn,2024-06-14 11:05:00,2024-06-14 11:20:00,4.36,5.55,completed
767,74,45,Tartu,2024-06-25 08:49:00,2024-06-25 09:35:00,3.33,7.25,completed
768,73,14,Tartu,2024-06-23 20:44:00,2024-06-23 21:19:00,1.05,3.24,completed
769,47,43,Riga,2024-06-23 11:23:00,2024-06-23 11:36:00,5.4,6.28,completed
770,19,26,Riga,2024-06-10 21:39:00,2024-06-10 22:09:00,6.93,7.35,cancelled
771,82,32,Tallinn,2024-06-13 13:40:00,2024-06-13 13:47:00,5.92,9.97,completed
772,161,12,Vilnius,2024-06-26 17:20:00,2024-06-26 17:27:00,7.07,11.17,completed
773,52,36,Tallinn,2024-06-14 22:45:00,2024-06-14 22:56:00,5.75,6.52,completed
774,54,1,Tartu,2024-06-28 09:52:00,2024-06-28 10:21:00,6.63,8.57,completed
775,157,39,Tallinn,2024-06-10 03:07:00,2024-06-10 03:17:00,9.89,9.42,completed
776,43,26,Tallinn,2024-06-26 15:53:00,2024-06-26 16:11:00,5.09,7.28,completed
777,63,3,Tallinn,2024-06-04 20:35:00,2024-06-04 20:43:00,11.01,20.41,completed
778,30,49,Riga,2024-06-18 20:59:00,2024-06-18 21:29:00,8.35,10.01,completed
779,98,44,Vilnius,2024-06-19 16:25:00,2024-06-19 16:50:00,3.88,5.22,completed
780,87,15,Vilnius,2024-06-11 20:13:00,2024-06-11 21:05:00,8.71,8.6,completed
781,131,12,Riga,2024-06-06 04:49:00,2024-06-06 05:29:00,6.86,7.3,cancelled
782,134,13,Vilnius,2024-06-03 03:29:00,2024-06-03 03:45:00,12.79,13.74,completed
783,71,32,Tallinn,2024-06-29 02:55:00,2024-06-29 03:18:00,5.76,9.8,completed
784,48,7,Tallinn,2024-06-28 09:14:00,2024-06-28 09:33:00,7.02,7.41,completed
785,37,9,Vilnius,2024-06-26 01:50:00,2024-06-26 01:57:00,3.75,5.12,completed
786,149,11,Vilnius,2024-06-15 12:21:00,2024-06-15 12:33:00,14.0,14.76,completed
787,14,10,Tartu,2024-06-14 23:07:00,2024-06-14 23:49:00,8.39,8.37,completed
788,122,17,Tallinn,2024-06-18 17:38:00,2024-06-18 18:13:00,8.45,8.41,completed
789,141,34,Vilnius,2024-06-22 09:45:00,2024-06-22 10:10:00,9.64,18.5,completed
790,130,12,Riga,2024-06-15 23:44:00,2024-06-15 23:58:00,9.28,9.0,completed
791,191,12,Vilnius,2024-06-28 14:32:00,2024-06-28 14:38:00,8.4,8.38,completed
792,10,21,Tartu,2024-06-07 11:27:00,2024-06-07 11:39:00,11.84,10.79,completed
793,182,50,Tartu,2024-06-17 07:48:00,2024-06-17 08:14:00,8.81,8.67,cancelled
794,87,7,Vilnius,2024-06-22 23:04:00,2024-06-22 23:09:00,11.15,15.46,completed
795,86,44,Tallinn,2024-06-27 21:29:00,2024-06-27 22:28:00,1.57,3.6,completed
796,38,24,Vilnius,2024-06-27 16:50:00,2024-06-27 17:04:00,10.42,9.79,completed
797,57,39,Tallinn,2024-06-25 03:35:00,2024-06-25 04:12:00,7.01,7.41,completed
798,96,12,Tallinn,2024-06-30 08:41:00,2024-06-30 09:12:00,4.57,8.55,completed
799,26,25,Vilnius,2024-06-27 04:26:00,2024-06-27 04:53:00,1.51,3.56,completed
800,31,7,Tartu,2024-06-10 09:43:00,2024-06-10 10:20:00,12.82,11.47,completed
801,84,35,Tallinn,2024-06-15 12:34:00,2024-06-15 13:28:00,5.85,7.91,completed
802,72,30,Tartu,2024-06-23 12:27:00,2024-06-23 13:24:00,2.39,5.01,cancelled
803,186,26,Tallinn,2024-06-14 14:59:00,2024-06-14 15:36:00,9.41,10.9,completed
804,147,18,Tartu,2024-06-21 10:12:00,2024-06-21 10:46:00,7.75,9.51,completed
805,65,12,Tartu,2024-06-15 18:31:00,2024-06-15 19:09:00,1.79,3.75,cancelled
806,5,26,Tartu,2024-06-16 05:17:00,2024-06-16 06:15:00,4.5,5.65,completed
807,123,12,Tallinn,2024-06-20 03:54:00,2024-06-20 04:42:00,14.49,12.64,completed
808,2,37,Riga,2024-06-05 04:22:00,2024-06-05 04:52:00,12.91,11.54,completed
809,188,9,Riga,2024-06-03 02:44:00,2024-06-03 03:01:00,10.08,14.33,completed
810,181,46,Tallinn,2024-06-01 10:54:00,2024-06-01 11:40:00,7.67,9.44,completed
811,99,15,Riga,2024-06-26 09:51:00,2024-06-26 10:31:00,11.59,10.61,completed
812,26,37,Vilnius,2024-06-16 12:36:00,2024-06-16 13:28:00,4.54,5.68,completed
813,151,16,Tallinn,2024-06-24 10:37:00,2024-06-24 10:45:00,12.74,17.13,completed
814,44,12,Tallinn,2024-06-22 00:57:00,2024-06-22 01:38:00,5.23,6.16,completed
815,69,28,Tartu,2024-06-20 09:59:00,2024-06-20 10:38:00,2.87,6.76,completed
816,106,45,Riga,2024-06-02 19:57:00,2024-06-02 20:12:00,14.13,12.39,completed
817,56,41,Vilnius,2024-06-14 13:56:00,2024-06-14 14:51:00,3.87,6.25,completed
818,5,29,Tartu,2024-06-03 13:06:00,2024-06-03 14:04:00,4.96,5.97,cancelled
819,146,16,Riga,2024-06-29 10:15:00,2024-06-29 10:55:00,14.67,12.77,completed
820,195,9,Riga,2024-06-30 08:52:00,2024-06-30 09:14:00,11.37,10.46,completed
821,105,14,Tallinn,2024-06-07 05:23:00,2024-06-07 05:56:00,9.51,9.16,completed
822,170,16,Riga,2024-06-05 16:11:00,2024-06-05 17:07:00,5.2,6.14,completed
823,17,48,Tartu,2024-06-11 13:14:00,2024-06-11 13:42:00,9.17,13.38,completed
824,49,38,Vilnius,2024-06-18 16:54:00,2024-06-18 17:20:00,2.08,3.96,completed
825,130,49,Riga,2024-06-26 22:15:00,2024-06-26 22:59:00,10.26,9.68,completed
826,168,48,Riga,2024-06-18 19:30:00,2024-06-18 20:17:00,8.03,12.18,completed
827,80,47,Vilnius,2024-06-04 21:00:00,2024-06-04 21:19:00,7.21,11.32,completed
828,158,36,Vilnius,2024-06-01 11:46:00,2024-06-01 12:12:00,10.65,14.93,cancelled
829,124,49,Tartu,2024-06-18 11:23:00,2024-06-18 12:22:00,1.43,4.2,completed
830,186,23,Tallinn,2024-06-03 07:17:00,2024-06-03 08:14:00,1.87,5.71,completed
831,149,15,Vilnius,2024-06-11 18:24:00,2024-06-11 19:18:00,12.75,13.71,completed
832,62,36,Tartu,2024-06-24 08:35:00,2024-06-24 08:59:00,11.92,10.84,completed
833,172,4,Tallinn,2024-06-10 17:37:00,2024-06-10 17:46:00,1.1,3.27,completed
834,197,10,Tartu,2024-06-10 14:33:00,2024-06-10 15:15:00,5.93,7.98,completed
835,193,28,Tallinn,2024-06-12 23:44:00,2024-06-13 00:27:00,9.9,11.32,completed
836,145,5,Vilnius,2024-06-25 22:17:00,2024-06-25 22:52:00,6.8,10.89,completed
837,147,36,Tartu,2024-06-10 19:57:00,2024-06-10 20:34:00,8.96,10.53,cancelled
838,108,10,Vilnius,2024-06-12 13:25:00,2024-06-12 13:30:00,11.99,10.89,cancelled
839,80,46,Vilnius,2024-06-07 08:54:00,2024-06-07 09:50:00,7.34,7.64,cancelled
840,120,21,Tallinn,2024-06-10 21:34:00,2024-06-10 21:44:00,14.33,18.8,completed
841,131,42,Riga,2024-06-15 09:56:00,2024-06-15 10:35:00,2.16,4.01,completed
842,55,20,Riga,2024-06-16 05:39:00,2024-06-16 06:27:00,2.22,4.05,cancelled
843,198,13,Tallinn,2024-06-27 15:44:00,2024-06-27 16:11:00,12.12,13.18,cancelled
844,135,42,Tallinn,2024-06-22 08:41:00,2024-06-22 09:05:00,12.03,10.92,completed
845,62,36,Tartu,2024-06-19 03:28:00,2024-06-19 03:37:00,14.94,12.96,completed
846,81,39,Tartu,2024-06-17 17:39:00,2024-06-17 18:23:00,3.37,9.72,completed
847,196,24,Tartu,2024-06-29 15:46:00,2024-06-29 16:14:00,10.73,10.01,cancelled
848,12,18,Tallinn,2024-06-07 01:20:00,2024-06-07 01:54:00,11.81,10.77,completed
849,79,32,Riga,2024-06-20 09:12:00,2024-06-20 09:31:00,1.45,3.51,completed
850,27,19,Vilnius,2024-06-26 02:40:00,2024-06-26 03:05:00,4.14,5.4,completed
851,59,32,Vilnius,2024-06-03 00:59:00,2024-06-03 01:25:00,7.24,15.14,completed
852,18,39,Tartu,2024-06-22 06:40:00,2024-06-22 07:13:00,4.42,5.59,cancelled
853,162,7,Tallinn,2024-06-15 20:51:00,2024-06-15 21:13:00,2.84,4.49,completed
854,200,35,Tallinn,2024-06-27 14:05:00,2024-06-27 14:37:00,10.66,14.94,completed
855,156,12,Riga,2024-06-13 22:25:00,2024-06-13 23:12:00,3.42,4.89,completed
856,125,38,Vilnius,2024-06-26 15:31:00,2024-06-26 15:50:00,6.41,6.99,completed
857,140,42,Riga,2024-06-28 02:44:00,2024-06-28 03:32:00,3.69,5.08,cancelled
858,146,2,Riga,2024-06-16 23:10:00,2024-06-16 23:44:00,9.97,11.37,completed
859,41,31,Riga,2024-06-05 06:10:00,2024-06-05 07:09:00,7.94,8.06,completed
860,45,34,Tallinn,2024-06-25 13:31:00,2024-06-25 13:50:00,1.42,5.24,completed
861,195,3,Riga,2024-06-13 22:45:00,2024-06-13 23:11:00,14.35,12.54,completed
862,176,17,Riga,2024-06-07 14:04:00,2024-06-07 14:10:00,2.76,4.43,completed
863,134,19,Vilnius,2024-06-19 10:49:00,2024-06-19 11:02:00,4.04,5.33,completed
864,4,24,Tallinn,2024-06-01 15:54:00,2024-06-01 16:33:00,12.2,11.04,completed
865,54,35,Tartu,2024-06-30 11:42:00,2024-06-30 12:30:00,7.05,7.44,completed
866,141,27,Vilnius,2024-06-27 20:32:00,2024-06-27 21:12:00,5.38,6.27,completed
867,77,2,Riga,2024-06-10 02:27:00,2024-06-10 02:59:00,10.71,12.0,completed
868,183,3,Tartu,2024-06-06 20:18:00,2024-06-06 20:34:00,11.18,12.39,cancelled
869,41,45,Riga,2024-06-06 03:55:00,2024-06-06 04:12:00,13.81,12.17,completed
870,80,45,Vilnius,2024-06-04 22:26:00,2024-06-04 22:33:00,4.65,5.76,completed
871,117,10,Riga,2024-06-26 11:53:00,2024-06-26 12:49:00,8.26,8.28,completed
872,71,45,Tallinn,2024-06-27 08:33:00,2024-06-27 08:43:00,3.54,4.98,completed
873,178,16,Tartu,2024-06-28 07:07:00,2024-06-28 07:18:00,5.17,6.12,completed
874,151,27,Tallinn,2024-06-14 05:53:00,2024-06-14 06:19:00,9.8,9.36,completed
875,72,37,Tartu,2024-06-18 02:24:00,2024-06-18 03:20:00,4.72,8.71,completed
876,18,38,Tartu,2024-06-07 15:49:00,2024-06-07 16:46:00,13.13,11.69,completed
877,79,42,Riga,2024-06-12 02:34:00,2024-06-12 03:26:00,14.99,12.99,completed
878,102,35,Vilnius,2024-06-06 09:37:00,2024-06-06 10:09:00,8.34,10.01,completed
879,69,28,Tartu,2024-06-11 01:56:00,2024-06-11 02:39:00,12.59,13.58,completed
880,58,45,Tallinn,2024-06-24 09:30:00,2024-06-24 10:00:00,4.6,5.72,completed
881,38,5,Vilnius,2024-06-15 13:10:00,2024-06-15 13:42:00,9.55,13.78,completed
882,95,19,Tallinn,2024-06-13 17:12:00,2024-06-13 17:45:00,13.01,11.61,completed
883,126,3,Vilnius,2024-06-10 05:43:00,2024-06-10 06:16:00,14.03,12.32,completed
884,155,33,Vilnius,2024-06-13 03:49:00,2024-06-13 04:39:00,1.3,3.41,completed
885,123,1,Tallinn,2024-06-18 09:02:00,2024-06-18 09:41:00,8.55,8.48,completed
886,43,38,Tallinn,2024-06-07 02:27:00,2024-06-07 02:34:00,3.98,5.29,completed
887,192,10,Tartu,2024-06-07 02:12:00,2024-06-07 02:25:00,6.98,7.39,cancelled
888,10,50,Tartu,2024-06-23 02:19:00,2024-06-23 02:59:00,8.35,8.34,cancelled
889,177,3,Riga,2024-06-24 10:17:00,2024-06-24 10:26:00,5.97,8.01,completed
890,26,8,Vilnius,2024-06-11 20:20:00,2024-06-11 20:39:00,10.18,9.63,completed
891,180,47,Vilnius,2024-06-27 04:46:00,2024-06-27 05:03:00,7.29,7.6,completed
892,182,27,Tartu,2024-06-03 14:29:00,2024-06-03 14:59:00,4.43,5.6,completed
893,139,8,Tallinn,2024-06-02 23:03:00,2024-06-02 23:40:00,8.71,8.6,completed
894,115,21,Riga,2024-06-30 11:11:00,2024-06-30 11:35:00,8.2,9.89,completed
895,93,48,Vilnius,2024-06-27 18:33:00,2024-06-27 18:47:00,9.15,8.91,completed
896,118,37,Tallinn,2024-06-03 15:35:00,2024-06-03 16:08:00,1.24,3.37,completed
897,14,33,Tartu,2024-06-15 23:36:00,2024-06-16 00:07:00,4.84,5.89,completed
898,171,28,Tartu,2024-06-20 08:27:00,2024-06-20 08:39:00,11.38,12.56,completed
899,164,41,Tallinn,2024-06-01 18:01:00,2024-06-01 18:51:00,5.28,7.44,completed
900,87,10,Vilnius,2024-06-09 02:49:00,2024-06-09 03:45:00,5.81,6.57,completed
901,58,6,Tallinn,2024-06-24 03:32:00,2024-06-24 03:38:00,1.99,4.67,completed
902,150,37,Tallinn,2024-06-19 18:27:00,2024-06-19 19:10:00,14.3,12.51,completed
903,129,45,Tallinn,2024-06-14 20:13:00,2024-06-14 20:58:00,3.33,5.8,completed
904,192,44,Tartu,2024-06-29 08:57:00,2024-06-29 09:14:00,3.96,5.27,completed
905,28,36,Vilnius,2024-06-20 21:27:00,2024-06-20 21:47:00,11.55,10.58,completed
906,15,34,Vilnius,2024-06-19 23:28:00,2024-06-19 23:47:00,7.91,12.06,cancelled
907,141,10,Vilnius,2024-06-13 03:22:00,2024-06-13 03:44:00,14.78,19.27,completed
908,199,39,Tallinn,2024-06-21 02:10:00,2024-06-21 02:26:00,4.72,8.71,completed
909,79,2,Riga,2024-06-10 05:28:00,2024-06-10 05:39:00,4.12,5.38,completed
910,32,28,Tallinn,2024-06-14 15:23:00,2024-06-14 16:02:00,5.25,6.18,completed
911,80,19,Vilnius,2024-06-02 02:40:00,2024-06-02 02:49:00,2.98,4.59,completed
912,116,37,Tallinn,2024-06-27 18:43:00,2024-06-27 18:51:00,13.93,18.38,completed
913,169,18,Tartu,2024-06-25 05:21:00,2024-06-25 05:46:00,4.06,5.34,completed
914,29,26,Vilnius,2024-06-02 03:00:00,2024-06-02 03:21:00,13.47,11.93,completed
915,49,37,Vilnius,2024-06-16 10:59:00,2024-06-16 11:51:00,10.44,19.62,cancelled
916,103,47,Vilnius,2024-06-11 14:42:00,2024-06-11 15:06:00,4.85,5.9,completed
917,82,16,Tallinn,2024-06-15 07:39:00,2024-06-15 08:12:00,7.02,7.41,completed
918,81,42,Tartu,2024-06-30 21:19:00,2024-06-30 21:33:00,14.17,24.84,completed
919,177,33,Riga,2024-06-03 19:47:00,2024-06-03 20:27:00,13.26,11.78,completed
920,114,14,Tallinn,2024-06-15 20:40:00,2024-06-15 20:59:00,5.42,7.55,completed
921,4,18,Tallinn,2024-06-27 14:48:00,2024-06-27 15:41:00,12.52,11.26,completed
922,114,42,Tallinn,2024-06-25 05:57:00,2024-06-25 06:46:00,9.11,13.32,completed
923,112,25,Tallinn,2024-06-17 08:05:00,2024-06-17 08:22:00,4.71,6.96,cancelled
924,37,8,Vilnius,2024-06-21 11:23:00,2024-06-21 12:01:00,12.13,10.99,cancelled
925,137,42,Riga,2024-06-07 10:07:00,2024-06-07 10:44:00,5.19,6.13,completed
926,131,26,Riga,2024-06-14 06:48:00,2024-06-14 07:22:00,2.3,4.11,completed
927,68,25,Tallinn,2024-06-13 04:28:00,2024-06-13 05:11:00,14.81,19.3,completed
928,189,41,Tartu,2024-06-18 04:27:00,2024-06-18 05:02:00,9.13,13.34,completed
929,110,5,Tartu,2024-06-29 11:37:00,2024-06-29 12:23:00,10.92,12.17,completed
930,162,37,Tallinn,2024-06-11 03:41:00,2024-06-11 03:52:00,2.79,4.45,completed
931,3,26,Vilnius,2024-06-05 08:29:00,2024-06-05 08:57:00,7.05,8.92,completed
932,42,12,Vilnius,2024-06-25 04:00:00,2024-06-25 04:40:00,9.46,10.95,completed
933,85,36,Riga,2024-06-24 04:23:00,2024-06-24 05:19:00,1.23,5.04,completed
934,114,43,Tallinn,2024-06-27 05:15:00,2024-06-27 05:49:00,8.08,8.16,cancelled
935,20,40,Tartu,2024-06-15 10:00:00,2024-06-15 10:23:00,6.69,8.62,completed
936,155,40,Vilnius,2024-06-29 10:07:00,2024-06-29 10:37:00,7.09,7.46,completed
937,157,39,Tallinn,2024-06-17 20:11:00,2024-06-17 20:56:00,3.04,6.94,completed
938,16,23,Riga,2024-06-20 13:45:00,2024-06-20 14:21:00,3.95,5.26,completed
939,197,49,Tartu,2024-06-27 12:09:00,2024-06-27 12:18:00,4.62,8.6,completed
940,23,33,Vilnius,2024-06-02 05:30:00,2024-06-02 05:52:00,3.86,6.24,completed
941,39,33,Vilnius,2024-06-14 23:21:00,2024-06-15 00:13:00,7.8,7.96,cancelled
942,46,50,Riga,2024-06-12 20:21:00,2024-06-12 21:07:00,11.06,10.24,completed
943,74,17,Tartu,2024-06-24 23:50:00,2024-06-25 00:23:00,4.5,8.48,completed
944,26,39,Vilnius,2024-06-07 20:27:00,2024-06-07 21:06:00,9.92,14.17,completed
945,104,50,Tartu,2024-06-12 19:04:00,2024-06-12 19:21:00,7.42,7.69,completed
946,9,15,Tartu,2024-06-25 22:11:00,2024-06-25 22:17:00,12.94,17.34,cancelled
947,35,38,Vilnius,2024-06-13 21:22:00,2024-06-13 22:08:00,14.78,15.42,completed
948,147,3,Tartu,2024-06-14 15:45:00,2024-06-14 16:28:00,5.29,12.41,cancelled
949,121,30,Tartu,2024-06-15 07:28:00,2024-06-15 07:59:00,1.07,3.25,completed
950,41,2,Riga,2024-06-23 13:03:00,2024-06-23 13:55:00,4.09,5.36,cancelled
951,58,46,Tallinn,2024-06-01 00:28:00,2024-06-01 01:07:00,9.89,9.42,completed
952,43,16,Tallinn,2024-06-10 09:03:00,2024-06-10 09:39:00,5.78,6.55,completed
953,166,31,Tartu,2024-06-02 07:46:00,2024-06-02 08:30:00,3.05,4.64,completed
954,25,48,Tallinn,2024-06-24 18:28:00,2024-06-24 18:35:00,9.86,14.1,completed
955,149,1,Vilnius,2024-06-26 19:06:00,2024-06-26 19:52:00,2.95,4.56,completed
956,28,45,Vilnius,2024-06-01 17:20:00,2024-06-01 18:04:00,5.78,6.55,completed
957,194,46,Tartu,2024-06-14 07:17:00,2024-06-14 07:44:00,12.9,11.53,cancelled
958,99,27,Riga,2024-06-21 14:40:00,2024-06-21 14:46:00,8.53,8.47,completed
959,165,28,Tallinn,2024-06-06 15:23:00,2024-06-06 15:58:00,8.04,8.13,completed
960,27,35,Vilnius,2024-06-24 08:38:00,2024-06-24 09:19:00,12.52,11.26,completed
961,93,20,Vilnius,2024-06-17 12:46:00,2024-06-17 13:28:00,10.34,9.74,completed
962,26,6,Vilnius,2024-06-07 20:56:00,2024-06-07 21:03:00,10.08,9.56,completed
963,140,48,Riga,2024-06-24 09:28:00,2024-06-24 10:23:00,10.0,11.4,completed
964,103,13,Vilnius,2024-06-04 07:52:00,2024-06-04 08:43:00,2.67,5.24,cancelled
965,69,24,Tartu,2024-06-28 03:51:00,2024-06-28 04:19:00,8.66,8.56,completed
966,76,13,Tartu,2024-06-06 16:09:00,2024-06-06 16:52:00,14.48,18.95,completed
967,112,47,Tallinn,2024-06-26 00:11:00,2024-06-26 00:24:00,2.43,4.2,completed
968,188,32,Riga,2024-06-13 01:53:00,2024-06-13 02:12:00,4.27,6.59,completed
969,169,10,Tartu,2024-06-17 13:11:00,2024-06-17 13:33:00,2.78,6.67,completed
970,60,16,Riga,2024-06-20 08:34:00,2024-06-20 09:04:00,10.8,12.07,completed
971,177,33,Riga,2024-06-13 04:40:00,2024-06-13 05:05:00,14.11,12.38,cancelled
972,142,29,Tartu,2024-06-06 11:00:00,2024-06-06 11:43:00,5.77,9.81,completed
973,33,39,Vilnius,2024-06-12 00:07:00,2024-06-12 00:29:00,9.23,13.44,completed
974,19,27,Riga,2024-06-21 03:17:00,2024-06-21 03:56:00,9.46,9.12,completed
975,74,10,Tartu,2024-06-15 11:03:00,2024-06-15 11:28:00,2.49,5.09,completed
976,127,49,Tallinn,2024-06-09 22:39:00,2024-06-09 22:50:00,5.52,6.36,completed
977,12,35,Tallinn,2024-06-20 17:20:00,2024-06-20 17:45:00,14.52,12.66,completed
978,41,6,Riga,2024-06-03 19:35:00,2024-06-03 20:06:00,11.63,10.64,completed
979,61,38,Tartu,2024-06-09 17:06:00,2024-06-09 17:30:00,11.86,10.8,completed
980,198,45,Tallinn,2024-06-19 15:29:00,2024-06-19 16:20:00,1.73,5.57,completed
981,182,7,Tartu,2024-06-17 05:01:00,2024-06-17 05:36:00,5.47,9.49,completed
982,17,14,Tartu,2024-06-11 02:47:00,2024-06-11 03:27:00,2.15,4.0,cancelled
983,91,25,Tallinn,2024-06-22 12:47:00,2024-06-22 13:43:00,8.63,8.54,completed
984,64,8,Riga,2024-06-07 07:47:00,2024-06-07 08:45:00,10.41,9.79,completed
985,99,43,Riga,2024-06-30 19:42:00,2024-06-30 19:57:00,12.23,13.27,completed
986,87,19,Vilnius,2024-06-12 15:39:00,2024-06-12 15:58:00,4.99,5.99,completed
987,114,43,Tallinn,2024-06-03 09:15:00,2024-06-03 09:21:00,9.69,11.14,completed
988,166,23,Tartu,2024-06-23 19:06:00,2024-06-23 19:36:00,8.46,8.42,cancelled
989,136,29,Tallinn,2024-06-30 06:02:00,2024-06-30 06:43:00,11.59,10.61,completed
990,137,35,Riga,2024-06-09 19:22:00,2024-06-09 20:10:00,8.56,8.49,completed
991,156,11,Riga,2024-06-01 04:54:00,2024-06-01 05:23:00,11.41,12.58,completed
992,86,21,Tallinn,2024-06-03 14:51:00,2024-06-03 15:47:00,5.22,6.15,completed
993,4,28,Tallinn,2024-06-19 10:47:00,2024-06-19 11:00:00,3.87,5.21,completed
994,146,33,Riga,2024-06-17 07:35:00,2024-06-17 08:30:00,4.91,5.94,completed
995,6,22,Tartu,2024-06-02 22:05:00,2024-06-02 22:12:00,13.35,11.84,completed
996,143,23,Riga,2024-06-03 01:32:00,2024-06-03 01:53:00,7.99,8.09,completed
997,158,17,Vilnius,2024-06-30 10:39:00,2024-06-30 11:29:00,6.04,6.73,completed
998,88,37,Vilnius,2024-06-15 03:03:00,2024-06-15 03:31:00,3.79,10.31,completed
999,24,1,Tallinn,2024-06-13 23:45:00,2024-06-14 00:33:00,2.31,8.23,completed
1000,199,23,Tallinn,2024-06-30 20:04:00,2024-06-30 20:42:00,8.3,8.31,completed
